m,A,split1,still1,split2,still2,split3,still3
1,1,12.036012331669948,nan,9.1921320136863,nan,5.432069282653859,nan
1,11,11.219407594972711,nan,4.290931241332672,nan,1.806483677773833,nan
1,21,11.217388253330544,nan,4.283829233010001,nan,1.8011611579476179,nan
1,31,11.226238895619463,nan,4.300513485724056,nan,1.808352045711119,nan
1,41,11.231056944400605,nan,4.2933689691113655,nan,1.8048247200853635,nan
1,51,11.223423018061993,nan,4.305296737449117,nan,1.8177398737987893,nan
1,61,11.2198007314192,nan,4.29242758545674,nan,1.8078539103131765,nan
1,71,11.242273625679966,nan,4.30481696892222,nan,1.81091348650201,nan
1,81,11.197989623152713,nan,4.292439565376392,nan,1.8152541109066007,nan
1,91,11.234264084591832,nan,4.344037971626904,nan,1.8477024273726237,nan
1,101,11.188251838570547,nan,4.27721359071384,nan,1.8053653145029518,nan
1,111,11.190688594280855,nan,4.295304239570181,nan,1.8202126139431105,nan
1,121,11.241472776885795,nan,4.311981369746121,nan,1.8007899858343608,nan
1,131,11.2350653897437,nan,4.346916823212718,nan,1.849945657691976,nan
1,141,11.260621563305987,nan,4.303862050568317,nan,1.803837703616304,nan
1,151,11.197178388577282,nan,4.212791709439777,nan,1.7471707989743623,nan
1,161,11.21456124746214,nan,4.273878806339448,nan,1.7936614702215774,nan
1,171,11.2558444398854,nan,4.339719565237318,nan,1.8128805245423814,nan
1,181,11.248666100635548,nan,4.3959611393506535,nan,1.8881762160075544,nan
1,191,11.25743743844547,nan,4.335887613806132,nan,1.806297863684144,nan
1,201,11.282032403904493,nan,4.32391598933235,nan,1.813754709782993,nan
1,211,11.15313848463804,nan,4.259179460586135,nan,1.8015016052288981,nan
1,221,11.202847134535201,nan,4.232632346191012,nan,1.7622181658455804,nan
1,231,11.26777373875746,nan,4.354100702183074,nan,1.8129015925929595,nan
1,241,11.154779138794988,nan,4.293415934048224,nan,1.8306766891046675,nan
1,251,11.244671289376827,nan,4.381509099563222,nan,1.8768816262399024,nan
1,261,11.13916227493102,nan,4.258236357914187,nan,1.8053189921452015,nan
1,271,11.253453094752135,nan,4.413337817740906,nan,1.9018069966490456,nan
1,281,11.156419054279407,nan,4.203847507630738,nan,1.790876378319645,nan
1,291,11.293866810536509,nan,4.280986756256394,nan,1.772884566951828,nan
1,301,11.20608229451506,nan,4.243991552394156,nan,1.7708585893851694,nan
1,311,11.242672195396741,nan,4.3742920623297366,nan,1.871251596895999,nan
1,321,11.286771197670841,nan,4.380046950101565,nan,1.8162309583798757,nan
1,331,11.206890615448735,nan,4.246833814753299,nan,1.7730234662399067,nan
1,341,11.12513295834573,nan,4.28580800565118,nan,1.8339649213529974,nan
1,351,11.326772337204181,nan,4.344008299046255,nan,1.8154822475983576,nan
1,361,11.255844021408226,nan,4.422039018626193,nan,1.9086486138572913,nan
1,371,11.183371996759856,nan,4.164819021617019,nan,1.7110496402370705,nan
1,381,11.109390684907789,nan,4.269643872453453,nan,1.825091372394674,nan
1,391,11.195961914428198,nan,4.208550854375892,nan,1.7439748346111696,nan
1,401,11.288349256807209,nan,4.347378310898022,nan,1.776923450186226,nan
1,411,11.22462696194945,nan,4.309606354168446,nan,1.8211123975747086,nan
1,421,11.159696667604868,nan,4.083645453743905,nan,1.6506671831153383,nan
1,431,11.093582702482674,nan,4.263000846316704,nan,1.8245193527119836,nan
1,441,11.208910692269287,nan,4.2539437054550735,nan,1.7784430722101559,nan
1,451,11.328330647476562,nan,4.254379166553099,nan,1.73858232763287,nan
1,461,11.27332583158534,nan,4.486104595148827,nan,1.9593346763072457,nan
1,471,11.217382119193456,nan,4.283869860244584,nan,1.8013295146354031,nan
1,481,11.160515608606204,nan,4.086430775697364,nan,1.6527242517765166,nan
1,491,11.102742610375643,nan,4.119480424250706,nan,1.7637228339262991,nan
11,1,54.10459178774183,58.915000558805794,40.51185609602155,4.414193028013472,41.90507204896192,22.26387771440697
11,11,39.72034157636997,29.118050252965656,19.76441889765357,15.555551636416862,33.11000658417143,25.211767730557398
11,21,39.67770623590353,28.977485500459704,16.649570111957264,14.63947452550719,29.733187383838004,22.827491797509648
11,31,39.62568697527026,29.22387428387731,15.524196269224063,14.399535742445293,28.671818342536028,22.528843020493994
11,41,39.59869219077009,29.3620772078837,14.96881273242519,14.214710892866588,28.064474502995118,22.35171011347449
11,51,39.632482528376634,29.134646444648922,14.775168890988263,14.257952482062686,27.842495622017076,22.285090404451676
11,61,39.64776307886394,29.02695837579603,14.621247501151958,14.180772698018549,27.528213407167378,22.272708405121328
11,71,39.540140246657934,29.693141908273823,14.206072427163843,14.048071182697802,27.399974052981324,22.13153568045903
11,81,39.7414924039525,28.38914103981145,14.655530089913249,14.289402630948414,27.308974690858808,22.29828194636865
11,91,39.578354928075605,29.454215988745258,14.155620923797816,14.253780672064456,27.54005365828097,22.04561515410066
11,101,39.78051670170379,28.107603270383024,14.621994163142224,14.256949901213462,27.043366603515235,22.33140298345391
11,111,39.77050109659454,28.17789581328696,14.553757716258067,14.31781899989545,27.12949387716125,22.274698881268904
11,121,39.54254240434102,29.669064589185094,13.8773331518556,14.014285617435721,26.940893427595526,22.220219411953053
11,131,39.573681896025974,29.478150552800535,13.955580011711882,14.221312256970059,27.333685317301796,21.99343802791691
11,141,39.44437579861723,30.244744836987948,13.563102870886908,13.823786991330822,26.852469389432045,21.963650668379845
11,151,39.74338861465589,28.36580299615142,14.263704983081086,13.822943856542377,26.240179386886297,20.586548268645462
11,161,39.66861925659552,28.872867248836183,14.066872488392773,13.999626479934058,26.682707718839442,22.192795919025627
11,171,39.46918848739151,30.10061192805253,13.580359703972178,14.013628347999427,26.91744989651851,22.15373236989157
11,181,39.50598917674461,29.88471725665251,13.712708609721028,14.323797435640609,27.545744421325264,21.837159678472975
11,191,39.4607713760271,30.14876227470372,13.521874267566528,13.976802138436542,26.819016029798643,22.175578191328224
11,201,39.32654749667515,30.89728600949347,13.18746741925041,13.74163207462572,26.80549781292904,21.811839702566612
11,211,39.908854868035384,27.10870575480501,14.746560605496922,14.373020546925602,26.65185011015103,20.719073642923117
11,221,39.719182191385734,28.53076840304716,14.082838582792867,13.859229648389393,26.256257095657215,20.459215343902088
11,231,39.4055890534845,30.46199388138274,13.356490314217057,13.977225324752624,26.840057525059898,22.14840193437886
11,241,39.903168140958684,27.15498598327629,14.726685550166202,14.526927090353906,26.902208854772404,20.585554130002745
11,251,39.525833214591025,29.765258045783522,13.663096477620751,14.269959591664344,27.340194388555776,21.855132829573577
11,261,39.954353000159024,26.717839205527085,14.869686208575972,14.466168018760566,26.627161677272078,20.81429109501077
11,271,39.481208187006786,30.02892916932544,13.570181653045124,14.34637508009586,27.546301690327308,21.771806799847855
11,281,39.89744442489089,27.20130963808773,14.58046624703701,14.045786196162055,26.390416315502975,22.088655332439277
11,291,39.257751530991065,28.201032106174956,12.917813358815378,13.432392503089385,26.297510420251086,21.81989685642258
11,301,39.70514720052033,28.625262324655722,13.98089908501625,13.879827246501513,26.265094568114545,20.387691858307257
11,311,39.535770270136354,29.70577901994239,13.636545039957026,14.241104316769688,27.229986811731145,21.869062936087342
11,321,39.29912542866821,27.97900386685464,13.072673392430994,13.946551383740136,26.829653020938455,22.141542435806226
11,331,39.70161538026113,28.64891166016988,13.955573436395918,13.88495999426103,26.267261534388215,20.369952178573122
11,341,39.99671691888855,26.329364448345956,15.026104509676614,14.706373950811082,26.84960857721454,20.80964318747861
11,351,39.05318492275004,29.246507671993193,12.520759240837911,13.497357968115173,26.673460317872,21.560154676727038
11,361,39.46869384339961,30.101167597220563,13.499873570501164,14.357509315005615,27.546316194205616,21.739899326450494
11,371,39.798291287819445,27.968248056172108,14.16222442101787,13.625020489353485,25.589968282685,20.839523987461614
11,381,40.04045169044798,25.897864510645203,15.190311308437657,14.744859114551376,26.738712061624252,20.97149473818781
11,391,39.74780501934341,28.331483426027354,14.029995747551272,13.76106218678659,25.926824887541873,20.587817042812954
11,401,39.28991168684243,28.028434273121196,12.9862610678665,13.777147915935775,26.424709077988695,20.055532265426613
11,411,39.62212433579495,29.169687756879004,13.756586854928408,14.060290091087072,26.709320693078652,22.032357281015173
11,421,39.88588587768868,27.29408717997595,14.374901821764032,13.347777207488315,24.891157165985863,21.331315132292776
11,431,40.080240513100904,25.46941752436306,15.366110400296959,14.832874961196671,26.709448967237996,21.100114604326052
11,441,39.692848841630386,28.70823241499933,13.890342801959935,13.89607491028412,26.265267622286753,20.33004303914279
11,451,39.04291102675492,29.296781429395214,12.40391938372218,13.048653438476151,25.86378212404583,21.705138997506005
11,461,39.374909310773795,30.631505336983274,13.324228305861293,14.499169782233837,27.943102033492707,21.5889631145367
11,471,39.6551934885003,28.95634946680082,13.805372645240096,13.983802880790542,26.493718832177056,20.161099969956588
11,481,39.882973048992476,27.31730874267486,14.348277682155672,13.354063745903607,24.895128621744043,21.31176465222264
11,491,40.05761677734754,25.71722632323902,15.082466909161187,13.980978997523449,25.958712830073434,20.76852294257868
21,1,20.407644152104687,71.80496947465915,73.21094112645437,19.9210799292083,48.39876595436999,46.28764067425744
21,11,32.661592881999375,24.334792373752133,10.2591314208706,22.783093474208297,28.361925844038225,9.668128009513003
21,21,32.170332719680474,22.778700437373097,8.938925433319152,16.644719913155633,16.05707740689906,8.162985523618307
21,31,31.998060110362825,22.75597462704051,8.492868237461666,15.098471944225922,14.260390192819134,8.135743445439164
21,41,31.923597691672896,22.80058243189731,8.436140966244679,14.494149598029365,13.686920670865899,8.199368366285873
21,51,31.964661473807897,22.506735958058265,8.368172180313085,14.352806113466219,14.819684906492123,8.297643751638436
21,61,31.982301041614154,22.363799867963703,8.428356123513403,14.16873068147561,14.672041802370295,8.41681402353847
21,71,31.803295224294143,23.06429627064229,8.323512870792436,14.074106492983878,14.578061949121043,8.43157106952099
21,81,32.13185877673068,21.651995765732206,8.476541509220887,14.155181542129617,14.66401426130719,8.610848982882784
21,91,31.859609863894462,22.787993925570397,8.182696293931963,14.27728739022059,14.755678648959172,8.537369698347419
21,101,32.19549528035125,21.337536877274637,8.569342476896525,14.049107721237423,14.606530187683722,8.751961342360213
21,111,32.177021622120236,21.408337490370936,8.490122520170313,14.134158281276543,14.680304258977328,8.769361270329581
21,121,31.799076597150126,23.006994435349352,8.308392300344163,13.997667135168356,14.520151452877517,8.76009050311911
21,131,31.848275930979288,22.79844723787907,8.185742500918415,14.236061936704827,14.754645495959023,8.690126269908683
21,141,31.64386331685605,23.62553095250677,8.315698496339932,13.86173863245681,14.450501518324769,8.699032263298538
21,151,32.128063455054445,21.599650310997262,8.848843806168832,13.558647233822743,14.26788604527297,8.971884358868463
21,161,32.00178272078073,22.14173181912227,8.543031427823436,13.85684096710996,14.488230393114012,8.874958380214535
21,171,31.681564868484248,23.465265200081646,8.178801420444973,14.081953545442158,14.592406192642999,8.859929336367987
21,181,31.739046177472535,23.230589211593458,7.969819506795744,14.448149655767528,14.931951886589484,8.733845145523336
21,191,31.66808877259116,23.515700105716512,8.197141608005614,14.049414405803567,14.568932603429815,8.90864501563643
21,201,31.462309167943243,24.32834969304601,8.203533978270457,13.8832858026136,14.482239287903278,8.746880816828321
21,211,32.42157447304665,20.254719495737756,8.749865536069267,14.020691023796006,14.682035373520302,9.111909849656916
21,221,32.08557603690751,21.77004393757497,8.768331010733569,13.64792657724257,14.370595248655919,9.049376424134143
21,231,31.58234398936021,23.853293152017496,8.108079227924915,14.112871412404315,14.613433909407819,8.947567077408852
21,241,32.41066278913776,20.30229194214883,8.602485985480909,14.219635998102802,14.843352521498318,9.11048139034963
21,251,31.769626146438913,23.09751992130402,8.052505362258474,14.374275010910479,14.90425367545631,8.841113475635758
21,261,32.507695423681135,19.8386503850822,8.788679159671684,14.067299920517245,14.745561196335286,9.19731598770735
21,271,31.69929107978784,23.38220186190881,7.906462592167994,14.52111677534049,15.010897809840335,8.817418173274511
21,281,32.39977926243917,20.35009360126382,8.991081605745743,13.647697560108938,14.52198254369675,9.033445490055083
21,291,31.358584779012133,24.72279802390391,8.377239982754187,13.57608588921806,14.2606631241436,8.866383196723083
21,301,32.061438938440055,21.86866611954576,8.724792982331879,13.70395594400409,14.435486718168313,9.09956336523211
21,311,31.784941625601686,23.03150190698021,8.088007945514935,14.331597015693323,14.879156139572522,8.89011059620251
21,321,31.4203473079614,24.483447729494447,7.973936025055049,14.189014122566862,14.652891335759625,9.016616655772943
21,331,32.05542033187763,21.893464161416993,8.714192970875896,13.718532759766427,14.452414614173914,9.1127833163594
21,341,32.59099567954616,19.426733973771253,8.702011027274796,14.288580442597059,14.942017176859162,9.26003162560617
21,351,31.059235280362156,25.84862758622587,8.04642075319347,13.827452214715738,14.4408127377667,8.760185484857844
21,361,31.679489920037717,23.45877234813849,7.876255487089405,14.56059020913472,15.054137860456759,8.862629756803104
21,371,32.22098130704113,21.164618660476116,9.127415725858572,13.297733224058453,14.147486035838464,9.291634461322552
21,381,32.68106840928325,18.96970188783245,8.804424749936715,14.253000033045524,14.934099721598976,9.329863288594476
21,391,32.133368620844536,21.55241070748075,8.90266853789958,13.516628795844406,14.305337447411112,9.206245888942039
21,401,31.406401509432186,24.535597173626165,8.11440695308644,13.994008075316767,14.48452560290971,9.14698747783866
21,411,31.923841879222653,22.452118765081963,8.41395369278787,14.030880284797984,14.69083003245438,9.042041494622156
21,421,32.378095354078205,20.446384502767152,9.543198454818908,12.867457136695043,13.82985087112822,9.487202654441216
21,431,32.76742642183136,18.52009424258165,8.864716591889694,14.275072804397931,14.969684255206403,9.392261916595325
21,441,32.04037943442805,21.9556943927736,8.681108200656436,13.747890008996064,14.481561268261158,9.14011131337471
21,451,31.044365385506055,25.902014550749954,8.431117529198612,13.283635277414524,14.026573120648935,8.919490968088304
21,461,31.534804509786362,24.033603558856964,7.590556605622477,14.846620350725392,15.25614049348347,8.83056376079769
21,471,31.978019041420875,22.222154963149205,8.543081285152159,13.905479757455883,14.607456679334929,9.104116055588142
21,481,32.37269145825031,20.470600453034322,9.53274409660584,12.88388465542861,13.849913096124201,9.499626873308356
21,491,32.717668472255724,18.779223253645043,9.489033687390524,13.325913068527642,14.431048482228501,9.194876196027955
31,1,21.498557103460612,77.75939811197988,66.85382683232135,32.268526232724234,37.223980920495556,60.74531252019034
31,11,35.42168048968373,31.777219414391627,21.826895316211015,28.93872836912768,10.685293479961164,35.89392538525749
31,21,33.0531849764282,24.80014014026267,14.575340296370817,19.8563716306227,23.571415038635486,11.387502601335342
31,31,32.47388353064946,23.6465137544932,6.573501145043757,15.275086507133675,17.254479019858426,14.482448578128224
31,41,32.254268098637624,23.290265626224105,10.18519350334611,13.67726679565879,11.799286893939124,12.673897475520121
31,51,32.229911364343714,22.812271076417446,9.403514511121541,12.609338230382358,10.98303465172719,8.01185149797628
31,61,32.210647169526084,22.567523721592273,9.040383362320178,11.70022444900664,12.866473524341004,11.190656035913975
31,71,32.00639955362007,23.202985462395876,8.726027983735404,11.40342409961433,12.605619375117552,4.383105953667916
31,81,32.32403762070393,21.75493654793666,8.692370665545702,11.224169125628535,12.559535831653754,4.417570577445167
31,91,32.038965329465896,22.859952501376533,8.391450129389895,11.242653542029833,12.536913685138007,4.3756545891514085
31,101,32.369685387817505,21.392393329697434,8.564868399539636,10.957190790640773,12.423882918100743,4.3820130933917305
31,111,32.34531609233024,21.447918513220255,8.462589349146555,10.960690881083904,12.443568190398677,4.3879206983223495
31,121,31.961627211622023,23.03302285632978,8.286776211761824,10.90291505027841,12.326357084356163,4.3140829788102915
31,131,32.00782574127411,22.816029661062448,8.197517410228777,11.018083704076858,12.44509595455387,4.341464886870842
31,141,31.800473195107493,23.63546074363346,8.212093700158851,10.790090973352598,12.252089251870485,4.237127791848566
31,151,32.283486915785396,21.60566444404167,8.50616099516039,10.480816411645884,12.166103329240164,4.2701318290811
31,161,32.1553008338917,22.142695671304697,8.316407193141828,10.684223554860223,12.288600323924936,4.301317845699663
31,171,31.833358215938613,23.461601697886177,8.087675142626372,10.879962261689393,12.357573432754958,4.313238889756753
31,181,31.889757743882583,23.22391192773804,7.983362253733982,11.097325477634417,12.536381530873705,4.360640818143579
31,191,31.817812116916866,23.50623400143247,8.069927391613481,10.844033528109511,12.350954805444196,4.30939998541445
31,201,31.611163300620188,24.31631756555176,8.042590948108604,10.768450808387135,12.267704772101041,4.20803115564293
31,211,32.56958624499863,20.242214377979202,8.403788921073327,11.149285396847752,12.439310542100772,4.413657366598018
31,221,32.233085957266894,21.75522308782444,8.370565871334582,10.898479104324254,12.241971771073937,4.2823573487054825
31,231,31.729450204935578,23.836373693798205,7.985247822532838,10.880764475340008,12.390782388073216,4.315958200999167
31,241,32.55676232733277,20.284987310548825,8.308939256282258,11.283037251416033,12.538973496031055,4.450321143973249
31,251,31.915802818245613,23.07834425286338,7.9717125459057705,11.009909364534852,12.537957467588996,4.356930816425103
31,261,32.65271363038863,19.819142316882996,8.400840073521543,11.15111202314807,12.496853046687505,4.445041160192444
31,271,31.84481023454942,23.361048847308354,7.8871378230057285,11.113236216867277,12.600667886381272,4.373891506925098
31,281,32.54422922347324,20.328636339609453,8.48006699320814,10.840288560244968,12.309890836292615,4.300969694887394
31,291,31.503737954917877,24.699949674393253,8.062360548288886,10.8917337480102,12.255835421051204,10.337247926845059
31,301,32.20580698219784,21.845511613903383,8.30788666828607,10.912992739425233,12.304309016522781,10.618674285373007
31,311,31.92940381068066,23.007618191833508,7.965465354449049,11.401178651482354,12.538568191858278,4.358940897337543
31,321,31.564871054528137,24.458887318888962,7.8687338639298945,10.943056543042186,12.514429084875697,10.612686544827108
31,331,32.199158102170486,21.868631947105776,8.293883343511858,10.919095444014689,12.322034498214778,10.631217884454589
31,341,32.733523358144915,19.401697338077607,8.340479155299606,11.292482220329967,12.633558163191461,4.508895142697661
31,351,31.203487672664714,25.8227099866501,7.855613013341302,11.093119107278852,12.35911902119996,10.291072641964078
31,361,31.823209953804906,23.43257707519945,7.847640836044512,11.574804324793805,12.644454955741724,4.383733619882061
31,371,32.363817479603,21.138204769535818,8.508254856535821,10.585627085676768,12.265982821044538,10.669988839628298
31,381,32.822679316149035,18.945618083418562,8.392353686174964,11.251995935660647,12.64495034524669,4.5245398913007335
31,391,32.27613314998756,21.525346883802385,8.38070352595475,10.75378322618222,12.340229662149223,10.661980360188824
31,401,31.549935263365587,24.508162058724558,7.917931140278778,11.17643643671267,12.474265582111107,10.647574137702678
31,411,32.066713120302694,22.424464721766558,8.119908870940462,11.155277971053597,12.464608485444543,10.651056920170497
31,421,32.52002878718462,20.418562447341486,8.727257529515182,10.245956907940505,12.126068011338136,10.720557511824838
31,431,32.90815425773399,18.49453109876359,8.423517175065987,11.256262563066189,12.680969675292337,11.04737595145404
31,441,32.18283267450516,21.92739205379578,8.255338304927625,10.93121631711984,12.437932883896211,10.666610585557049
31,451,31.18777655373956,25.873549027011826,8.020125939142591,10.696377007142871,12.162554529509416,10.255301545328372
31,461,31.677781300593505,24.004915622063777,7.689921254270921,11.792889138606839,12.76727285551942,4.419336248317151
31,471,32.1203460046526,22.193285701332822,8.181564465341323,11.05410324597343,12.443292077455066,10.670917199248956
31,481,32.514157835285815,20.4415914840141,8.714727875437859,10.255820639259056,12.149647486885716,10.73577018049696
31,491,32.858068623522804,18.752551245299088,8.725597758424588,10.540288671178901,12.30363371898547,10.680881264095955
41,1,20.99269388418945,78.75090636298046,57.87015923344708,41.63261856888172,32.1938204990951,67.39958351124012
41,11,40.835012164036996,45.43500441720915,33.387571590858826,43.06666759891738,3.7398556768261786,63.56587381535511
41,21,34.96936477892535,30.186743284198865,30.249437488614124,29.414732047048194,16.76108177742506,37.380320003966006
41,31,33.35141706446936,26.102605977148567,26.471519115017323,25.057394069210225,23.98192915434616,36.265244212219265
41,41,32.75147633022161,24.673451387774143,22.608720908045164,21.480178420834395,25.139167047018375,30.398510410876888
41,51,32.55558954998462,23.70480851068735,19.676602915720228,18.426317791940978,22.473397911653656,33.1641719090198
41,61,32.439642883663886,23.190075115343006,17.826395832945053,16.31631919276508,19.025344546745487,32.16136491472635
41,71,32.168361282423945,23.653289028723158,16.572156956803493,14.819108391916346,15.826759692273464,31.296544154765726
41,81,32.459059635972984,22.111694406952545,15.762737781192016,14.152844025242285,13.643070637539543,30.635241389203248
41,91,32.13897743777531,23.134745361261107,15.135808476258896,13.477480955344143,12.099827197509713,29.958035179132704
41,101,32.45800383368352,21.62273990458332,14.753364870380892,13.034029153808435,10.814597889942924,29.56144898384285
41,111,32.418097322524766,21.638117387067354,14.428034304318285,12.762636221285359,10.035232459582549,29.153997780424497
41,121,32.017393497418674,23.18718553471085,14.09631121043259,12.15850683315779,9.14829135431923,28.73232171572333
41,131,32.055969490987124,22.948110264392376,13.934883817195786,12.19577080947487,8.256485219711783,28.456951600608697
41,141,31.840061742253866,23.747228848424644,13.689722643998664,11.596640730482047,7.505858929480223,28.043550452809367
41,151,32.32232556939115,21.70773019777983,13.619152322176923,11.464863441829808,7.0856373572416125,27.9042764688322
41,161,32.188392539109145,22.23134194581632,13.504259935617629,11.538259612494294,7.042489206928451,27.76906955901547
41,171,31.860507716490545,23.537789687822656,13.381990642595914,11.459348182243495,6.910898567557101,27.627717575164656
41,181,31.914318696293197,23.292265513739626,13.379665953549575,11.752089820180059,7.147827617035192,27.61797721940806
41,191,31.839500359629056,23.567191635263406,13.224946469007866,11.275397312129417,6.560027219925766,27.34843067593301
41,201,31.629836736007018,24.370298868335745,13.096758470596154,10.968760177084965,6.294081094648457,27.033950456447194
41,211,32.591075835416014,20.29594933550236,13.245232476473753,11.630777528391189,6.590390140268673,27.322119022620683
41,221,32.25101100702841,21.802577024434118,13.08970303001308,11.01030607294512,6.069975535309744,26.96622433350258
41,231,31.743976398151723,23.87767455043654,13.02032843649949,11.088549277876805,6.173581051221735,26.978199141429226
41,241,32.57317957186896,20.326099560135617,13.144837922117844,11.699574236396018,6.954921339794903,27.180052220956647
41,251,31.928655420870953,23.113930659565614,13.041501086302166,11.375277893078705,6.384269473156853,27.013088051639183
41,261,32.667091241180344,19.854529054283105,13.075907143809129,11.56994100431416,6.7312886290217815,27.01286015015107
41,271,31.855649352454385,23.391359729660856,13.005539367260868,11.418609684168082,6.3843020352326585,26.974335050889124
41,281,32.55626207814096,20.35881353925535,12.946897804267019,11.033334149684629,5.895871950486206,26.624333411948374
41,291,31.512426256704124,24.725403974032247,12.689250921726003,10.347136441399421,5.3807823527544345,26.18340727519845
41,301,32.21539852137019,21.87092899479551,12.85116731089277,10.818506978992403,5.639248038365121,26.49495656422599
41,311,31.937796308364753,23.030796829125265,12.890508184283592,11.205924584247454,6.0382854640625405,26.735051664620286
41,321,31.572106176162173,24.479909582336568,12.776908604917974,10.846438923040813,5.724655822072345,26.500658599174265
41,331,32.207072791763494,21.889621937893182,12.798660248086966,10.778230274336758,5.546653483604038,26.385904383913854
41,341,32.74213862514376,19.422565732120365,13.588830617585678,11.717624500761238,6.6837730214449556,26.829796375694265
41,351,31.209068944806813,25.8397065024454,12.568704690062619,10.318785689556854,5.3136700782302,25.986516410855238
41,361,31.829277119781192,23.44958646718607,12.85638309193444,11.293445725389045,6.08806565707,26.697079448586557
41,371,32.3703855868745,21.15516751599072,12.711924286271007,10.45587492470888,5.157926557359134,26.084144128372404
41,381,32.829761544904855,18.962476148566427,13.543777593944139,11.720336549752918,6.611854245104015,26.727736851468865
41,391,32.281910537976074,21.5404776298196,12.697137611169435,10.571641641323026,5.24003788356108,26.126324085418712
41,401,31.55454624723879,24.52158476805868,12.627771629311335,10.567478245660437,5.353291855040916,26.133377547399757
41,411,32.071670756332615,22.437875246601866,12.733549312161497,10.893225668130324,5.581955767810536,26.32004999051748
41,421,32.52534199202041,20.431924018235144,12.63507733468484,10.133580682404657,4.790397712638842,25.77698246542488
41,431,32.91383087794928,18.507807891015272,13.507915543656573,11.787329294884561,6.6090635406075195,26.659376925189942
41,441,32.18726171057937,21.93915978567069,12.672187355112847,10.680481341420583,5.312239984081965,26.129527603703888
41,451,31.19113440843833,25.883797496935713,12.331154930608198,9.777949177057318,4.727334436473496,25.36227251554833
41,461,31.681366871032008,24.015172821191083,12.819602550556583,11.401624151677378,6.131238729926775,26.68753737993233
41,471,32.12416497793052,22.203529783679798,12.673566728515754,10.768673176309482,5.402213922128649,26.15454209974762
41,481,32.51821538389916,20.45180097855338,12.588664826358068,10.103712644375861,4.720607270736546,25.66276367759271
41,491,32.86236936923842,18.762705176813537,13.337763636101796,10.759116339345812,5.788636210026734,25.927789912685594
51,1,20.21296250105807,79.57593025386954,50.0714539560329,49.46785411808461,24.50987395086696,71.60545680994217
51,11,46.058429550648306,52.454758716107605,44.033325216771715,51.50714576161749,1.1404648735049443,92.60536469436002
51,21,38.51872204172978,39.59419261462182,33.68675601139899,37.34357615745372,11.197921662256165,60.66205338335715
51,31,35.139221354630756,31.138685772860846,27.074304797025977,29.388426239648002,17.069018643192127,41.38681924290831
51,41,33.78196360953484,27.57849994106757,24.482380258040102,26.13994180611116,18.210216863763616,35.03382765198156
51,51,33.23301967175129,25.58239854673696,22.489309519747458,24.044286713441128,20.90138578093835,30.638648971540505
51,61,32.91619917435214,24.496425387157245,21.0640903734812,21.052979514157865,23.751010532452828,26.5216967665581
51,71,32.50522307426393,24.594707073107173,17.290944427214168,19.433914415855906,24.978883546739787,23.28448115188478
51,81,32.73990766610099,22.856930339871433,16.299419354433685,18.29567258463687,27.214445081744433,21.006021747800638
51,91,32.34685504830679,23.70710465584085,15.39089466097229,17.156294816830993,20.768408214271663,12.18292993839811
51,101,32.641552593441745,22.102334082127705,14.929955820966894,16.230546772611827,20.59684198130687,11.770343370617233
51,111,32.56929615833021,22.033615608257517,14.42905960470128,15.587230755271378,20.321817107700618,11.441040805281995
51,121,32.13319530471047,23.507188362294322,16.065323082450142,14.74580760095548,19.8827075534287,11.217880780929837
51,131,32.15591791587602,23.222113409267504,15.687657041740383,14.470534451387241,27.111402655370963,16.360427539500026
51,141,31.9222309905352,23.97889624496761,15.331789022977174,13.743545185830481,26.644864758346138,15.919470105643477
51,151,32.40291584495061,21.919332895785004,15.25010764180311,13.497015710723007,26.317824642726805,15.844920738365706
51,161,32.25704098553274,22.415013625658506,14.973782808464106,13.37755215497288,26.0478420291972,15.722459148477197
51,171,31.916823669160838,23.695541179238717,14.687722381695131,13.134911093265146,25.866562965332296,15.528688114194455
51,181,31.965253888181,23.433765481919927,14.572159442704418,13.26867732880275,25.612157562929085,15.49655472910839
51,191,31.884470384607226,23.693344496393156,14.407898421004232,12.764299158434108,25.32424656831227,15.36835897686487
51,201,31.668552147093145,24.481975570021827,14.22429685449467,12.385870011983902,24.79421672468622,15.184226593063707
51,211,32.63559801474317,20.407183182767987,14.43027333363026,12.999298858705721,24.978913647718507,15.501852374781077
51,221,32.28814605685334,21.9005546668993,12.409549815905342,12.345867478413455,24.43723430320178,15.31364225606099
51,231,31.77407315899201,23.963086677609255,12.176457277185,12.321398435089879,24.522492755798115,15.198951341370618
51,241,32.607167559275716,20.411158649236594,12.38674988527026,12.902251529857406,24.5445663260565,15.428952091364605
51,251,31.95526945038778,23.187515792295915,12.125277024861846,12.503030370180483,24.217290398865458,15.19745232776917
51,261,32.696839007041945,19.92772859164975,12.328178610003611,12.720458757075281,24.233054256082504,15.41600210990961
51,271,31.878084923636017,23.45402147953192,12.023858954476864,12.47042657611186,24.012344235558373,15.16511947985681
51,281,32.581147089785404,20.421218372853588,12.22375481188742,12.160647061037992,23.405040014056123,15.285900722325405
51,291,31.530407165773138,24.778008998491313,11.800711171809551,11.39514804722829,23.076580914409483,14.964758214625093
51,301,32.23523000919445,21.92347107506932,12.025884051352046,11.867597641214562,23.31389584825804,15.195940787500636
51,311,31.955148211491814,23.078699953208968,11.931242175123934,12.194545683534248,23.509458191432582,15.15896261854527
51,321,31.587067714739298,24.523347476882897,11.779558190181124,11.810318099495237,23.484871644642773,15.06261689716682
51,331,32.22342343364225,21.93300254089048,11.946469589649165,11.769328531915797,23.047854886415156,15.179641503889885
51,341,32.75992016048531,19.465705049212044,12.122401360098857,12.689182335223656,23.64364651587516,15.389451101473226
51,351,31.220606674976757,25.87481526784039,11.55947885745138,11.231115541427988,22.596832631537303,14.841610394060092
51,361,31.84180563726191,23.48472812148964,11.797998989222764,12.182094817834514,23.252356559405047,15.094970103459879
51,371,32.38393465415606,21.1902195145328,11.919818390811237,11.418479577453066,22.517646388727126,15.257444473497412
51,381,32.8443570615034,18.99731898758391,12.087019200331046,12.653445234293992,23.421607648791788,15.404131404709748
51,391,32.29382145443107,21.571738274180046,11.86976391895326,11.507410389123528,22.51652537721914,15.23887489268213
51,401,31.564059878722627,24.549307577390625,11.621501391645298,11.439333419107548,22.873118505502227,15.054440717677647
51,411,32.08188805064662,22.465577417835338,11.780082351980191,11.769743777797974,22.714664194408574,15.116868218155426
51,421,32.536280315625255,20.459529886696064,11.900037659111302,10.934528265344175,21.961134722379168,15.378249344726363
51,431,32.92550538373283,18.53524373123077,12.057379049273562,12.902070529098891,23.339737778044288,15.424251424432786
51,441,32.196377678961476,21.963465270723834,11.784057903557638,11.560642607594469,22.410348421179727,15.190206780335263
51,451,31.19805574935849,25.90495630005552,11.369361099939374,9.761937035757825,21.626561340413705,14.857324771621789
51,461,31.688748149667372,24.03635267044014,11.66186217210899,12.392253685069512,22.923367913989665,15.079321278811678
51,471,32.132017143649946,22.224685761985977,11.733408357313348,11.612103472783076,22.39819300135307,15.12991973747972
51,481,32.52654831682993,20.472888939833226,11.83647770870157,10.85863725866944,21.71816676196484,15.376979079010367
51,491,32.871191809249304,18.78368199483985,11.987326346450327,11.48333162170695,21.972118191012807,15.293699219263921
61,1,19.29427507253502,80.53671892141013,43.764375993978746,55.61733087219317,25.01613506162626,74.66423540168736
61,11,47.758712065375676,49.87495263276151,43.45222640334215,51.31695913225213,5.0651470757987545,89.71281088569053
61,21,43.00246900252657,48.878502224092635,43.42305974242611,42.017650126704645,6.602682193154677,77.49280525336178
61,31,38.05195364571439,38.90107903294454,36.16840338009846,35.93756419908197,18.492704797268328,52.17813893149922
61,41,35.58311842698522,32.636580495555265,29.987293341383943,30.68699198972667,20.69280053109714,38.012605308731615
61,51,34.442840060444595,28.969545283074304,25.07983885674763,27.427966506232277,13.122844798774674,41.31536850697629
61,61,33.77336920613124,26.875903527764105,20.15001140392945,21.202563349414437,22.376709370649127,45.855564416821935
61,71,33.11226632232427,26.30983888249539,23.067395591163752,22.74370654242263,21.793161112183267,45.54347110171699
61,81,33.24688429773625,24.216184883888484,21.901883989734895,20.85591207051675,20.894430126597623,44.39426382064929
61,91,32.721955128998665,24.74763177196775,21.14188446252064,18.88639831230547,15.227470932386014,42.85229567607814
61,101,32.97299782133205,22.97422945722378,20.594629985448144,17.679504390368216,13.950249076003917,41.206965997832626
61,111,32.84231526291915,22.75138103926745,20.340984761743066,16.314979847696005,12.925119129553126,39.2595662751865
61,121,32.34221576483054,24.086355684380273,19.788674362886262,14.9909810384152,11.677477579845032,37.63199654890017
61,131,32.33636638439697,23.71758726305851,19.308934717442547,14.225676203520921,10.358057203862503,36.0430147274025
61,141,32.07059755432514,24.397238679508103,18.928703524323982,13.221583005060241,12.4181296941138,34.65114512687589
61,151,32.54851728495273,22.30159911247312,18.812710552652785,12.572119505485624,8.571246491104958,33.37646634292799
61,161,32.38110682701585,22.746501611336274,18.32009246346546,12.239887188869607,8.073094275344518,32.40575946768655
61,171,32.01862439699017,23.979916746547257,17.89130258577051,11.869281381769353,7.9930916258894715,31.53420232782565
61,181,32.05737140006816,23.688755238651503,17.655296655654727,11.816081354909096,7.8780589217437775,31.02013003133307
61,191,31.96584024347401,23.920568634566667,17.38999873529582,11.22660743736194,9.020888070103274,30.09221332996632
61,201,31.738643930005573,24.683012157293987,17.09032524258581,10.814455621655227,8.191437063078434,29.399773376463006
61,211,32.71624695119428,20.607614960702026,17.40433194932975,11.040896260264768,8.788922300380547,29.124414291949456
61,221,32.35545350423653,22.076961809020506,17.050631447607422,10.44857868525007,7.737187712768305,28.41346926879849
61,231,31.82866414899169,24.1167529727811,16.651553369065272,10.478865994790317,7.5285040222990425,28.272613008376833
61,241,32.668846768152484,20.564290018315916,16.970134119271382,10.751166539211473,8.093082346052691,28.207777413701745
61,251,32.00360958673977,23.31987808346829,16.53848152771733,10.500302448642971,7.457176966336158,28.037776139976433
61,261,32.75089733205484,20.059467713819064,16.80131854289854,10.455293731800761,7.600133627613749,27.56430439950493
61,271,31.918900234045537,23.56669701259226,16.329584428101843,10.408117146290413,7.193655669171162,27.72540789814965
61,281,32.626440239567714,20.53347946038141,16.510137465526658,9.889253601256314,6.789673596932263,26.852053668458844
61,291,31.563180295752275,24.87256190252803,15.850199790135768,9.473521732058373,5.729007379992566,26.225036603665192
61,301,32.27139333047198,22.017941549747437,16.180246754210252,9.664528258349112,5.881498841370723,26.41137244437923
61,311,31.986825069897545,23.16481688738479,15.997379596196778,10.034414086427395,6.529338644197163,26.89366764769334
61,321,31.6144136649151,24.601408884326275,15.779976970055081,9.720505178784446,6.036276581762479,26.3738015270923
61,331,32.25332356998318,22.010980647312717,15.992779619986111,9.51382074892583,5.607902344674192,26.018271174662328
61,341,32.79245463828793,19.54326972595492,16.314361706945125,10.204047128244667,2.0564194355947865,26.57480627616355
61,351,31.241767026492283,25.937891194955764,15.38431299974761,9.26367029833036,5.035819407877145,25.616938055015925
61,361,31.864795547626212,23.5478750691537,15.800708578617852,9.953553381305706,5.967646062313331,26.611458320841674
61,371,32.40881149484707,21.25321764751501,15.834065973735667,9.091137515877026,1.7836105291874589,25.177975445138724
61,381,32.87117131805994,19.059953765570647,16.199247365295903,10.090354654732977,1.9931504852534885,26.206439310222517
61,391,32.31574076423128,21.627925838808284,15.67826664472776,9.19159946798575,1.7989624999839333,25.245091785518074
61,401,31.581604157695537,24.599113412322964,15.394887938233644,9.323229909516272,5.129475257029047,25.346068528331926
61,411,32.100741791141836,22.515353460687205,15.654108578494656,9.45542088488613,1.8091640938265077,25.679459766948774
61,421,32.5564777279358,20.509140300584384,15.682612337630081,8.730964162662726,4.6814993233638935,24.351591402458006
61,431,32.947076720396225,18.584556064125096,16.33426416432493,10.050796632108824,1.954810913937094,25.938187092507757
61,441,32.21325907545092,22.007147911511336,15.519791155444523,9.227357637678116,1.770531038176731,25.196774068881716
61,451,31.21091012341451,25.942964998159248,14.90486720238373,8.618548651520957,4.248486544489939,24.19169907008946
61,461,31.702466403763434,24.074403432620617,15.517010131834594,9.924173744352501,1.8739579950881082,26.372928348792353
61,471,32.1466211868283,22.262697946706396,15.51247605067455,9.259044216982188,1.742624349836923,25.2453369512931
61,481,32.54205815523697,20.51078323859831,15.529165114853088,8.631397731858664,4.535084669254819,24.063112261316174
61,491,32.88762540711069,18.82138087434906,15.794275778970743,9.072737913976416,5.184130538919733,24.803116720360787
71,1,18.34790460089229,81.52795554516506,38.66050397531277,60.48186517795315,17.87685785506863,77.07581707888667
71,11,47.97245303045819,51.18138426741004,46.82013621019925,50.27754708740319,5.454154331211862,92.24598142894465
71,21,46.576827692902754,52.17004196506445,49.225833733426114,46.33256372241471,2.044838509895073,92.75266770872355
71,31,41.709846518546726,47.007153029259555,44.136550396748845,40.17987600825001,5.826740776979724,76.78068957910878
71,41,38.231464041782914,39.606713091347366,37.60528851548261,36.25472948897662,7.376099381311022,68.42912541996694
71,51,36.33568685225943,34.17323066209011,31.41801403752481,32.23799763847658,8.192542085620293,61.23128928147133
71,61,35.150024532294196,30.702146177045808,27.93213257954842,28.791575238666656,10.730972712954006,53.84952689396192
71,71,34.09780800996685,29.117882609773027,26.7275433991937,26.484598944152133,14.364168596388316,50.22750227002961
71,81,34.07477488159068,26.46210387434295,25.936385887845837,25.46142014911957,16.239377353036268,48.3126931907804
71,91,33.33519660476419,26.46815319666947,25.7694415740078,23.519537454577705,18.94160639447013,46.1280206471957
71,101,33.51576784788669,24.41938360116062,25.41854444680477,22.000770695888225,20.828098377114138,43.82701868815919
71,111,33.289339701468215,23.94011351427925,24.897019817378602,20.48993401928231,22.970620747883856,26.597643273851883
71,121,32.6839853569663,25.04276958859527,24.24212203926154,18.9850926940994,23.61982392070629,24.331370111045587
71,131,32.63128349958548,24.53523761476792,23.393456225378827,17.820446646750028,24.314687739852168,23.07661163334107
71,141,32.31282422271944,25.086492480318178,22.709583801368687,13.549311782664173,24.3711824229081,33.25728255673661
71,151,32.78626533012689,22.932022040495568,22.238921418768562,12.812299712675829,24.083986909308873,31.314189612775984
71,161,32.58343476283041,23.292528112141092,21.354314261823962,12.216794808256237,23.9523577656613,29.47136198963693
71,171,32.18444112214051,24.44760768430326,20.517304327308274,14.363544046297774,23.411352289977486,28.14255514082348
71,181,32.20729523998569,24.107976765362825,19.88875821702935,11.380854883653205,23.11318715876364,26.853841332499268
71,191,32.098135271917954,24.293932172935065,19.406903916830718,13.294023394983098,15.493291423049726,25.726489689915265
71,201,31.852460003377775,25.013112251160273,18.860592290988073,12.745355309709986,15.251912474151089,24.232632014884096
71,211,32.84727447588566,20.937293067732128,18.871686466991854,12.753325625091657,14.528054660350154,25.17662174619671
71,221,32.46462797880862,22.366812956051245,18.353989664230593,12.113870338687162,14.252207267965339,24.03492105056832
71,231,31.917048306439565,24.368975991693688,17.544837750619212,11.940350559301978,14.11495228568615,23.527071846004336
71,241,32.768735421222296,20.81595407872173,17.640311709110797,12.069859098836103,13.618488935728335,23.377191243261585
71,251,32.081719170604266,23.537148313507828,17.132249589665403,11.708190070338569,13.61179187768232,22.58753367305035
71,261,32.83826392323214,20.275952401865162,17.209378246588223,11.633786554111424,13.005811006011822,22.4323429498038
71,271,31.984684330626646,23.751623307617475,16.72468426013584,11.438220498586473,13.175152252688624,21.853668519988968
71,281,32.699449941900106,20.717897571450838,16.722181890497012,11.007702600015454,18.21840006192769,21.10990794142022
71,291,31.61583316089499,25.02770318277342,16.044367914157586,9.114957073881556,12.541304580664777,20.039699510169008
71,301,32.32949506354558,22.17306857441945,16.250701609288214,10.661891063404852,12.190252366404685,20.526443359595163
71,311,32.03759538212099,23.306213605783608,16.130675765043385,10.863154215498334,12.376521089121848,20.54743851418523
71,321,31.658165669323264,24.729537713985742,15.832949785318545,10.551193453083803,12.112025688663362,20.212657896861828
71,331,32.30116184729434,22.13906103898836,15.883979961928778,10.380445178772984,11.704524597397114,19.861093275712992
71,341,32.84450875879553,19.67076579702826,16.170933565996133,10.949681135665976,11.64321564706155,20.591238041346553
71,351,31.275435355603857,26.041448874379856,15.270151577192358,8.657392550102639,11.708185995082454,18.719717611729312
71,361,31.90137304451321,23.65161133151977,15.685874389759169,10.591244777960114,11.759284696962306,19.85440760198647
71,371,32.44839004088186,21.356776117004063,15.491992852671865,9.896487247958776,10.98714582066513,19.016460369539153
71,381,32.91383207564378,19.162986584758887,15.898555025438691,10.735835338410094,11.183069029717304,20.08982183979767
71,391,32.35046929622942,21.72033795674404,15.364497338511374,9.89731872214635,10.96352654241559,18.83588625026433
71,401,31.60930221039583,24.68099217623784,15.131504173408494,9.90657527209189,11.100015120443468,18.880394703189214
71,411,32.13050551424466,22.59723116345633,15.31500676542815,10.064849671746105,11.014268322985304,18.96771618583984
71,421,32.588361563628375,20.590797086028957,15.123260972949293,9.444145742239844,15.309001109715762,18.273589820795827
71,431,32.98112902733117,18.665777602784967,15.678355617678092,10.600856077203378,10.800707130610448,11.259635610037186
71,441,32.23975401797659,22.079085847056923,15.129371230649499,9.807644632596785,10.702584199805209,18.514517768197603
71,451,31.23097671927389,26.00552824321406,14.459160857186607,7.962382410562665,15.300537499849867,17.163635382737123
71,461,31.72388008812493,24.137070371948433,15.22750727397312,10.327757144084849,11.163713211159974,10.955651649244137
71,471,32.1694163922566,22.325338340953955,15.042705601757806,9.796756109154453,10.560011492299253,10.471510662008281
71,481,32.566266440512074,20.57326906392712,14.860321694226911,9.25578115659519,14.746709059112078,9.990118755216262
71,491,32.91327525251571,18.883587048612938,15.155855211649161,9.683145621433425,15.357822584185904,10.186592342431961
81,1,17.38568556253316,82.50601606672564,35.524331446183815,64.38783682900284,20.78731529164507,79.06261403266306
81,11,48.094070380298035,51.05167521392042,48.162808678324446,50.50119950816636,4.363801392797682,91.77728302658686
81,21,48.071473079288005,50.03193036602814,48.594471889560204,47.64206632118794,2.9694012955330726,93.0404323971398
81,31,45.106559662506776,51.80885844480484,48.863371166004626,43.19074875153693,1.4073155843797802,89.53514196933497
81,41,41.41374117433759,46.67000166863515,45.89584506057873,39.473978031507464,6.757263314213516,77.53266643714056
81,51,38.89358938571107,40.66533284944763,42.190573914398776,37.0822836837407,11.880371525301594,65.98185009284265
81,61,37.12364885189628,35.999521225895634,37.81883976420858,34.07997399381119,15.533433283240136,54.849196481425096
81,71,35.55477867920206,33.22418830864456,33.719201845199144,30.533950907212144,16.65721525290582,45.12310140288125
81,81,35.318170977322374,29.836537546810714,30.533900533085234,27.655759580569377,15.67997593825877,38.010699942983365
81,91,34.26385525302668,29.089047531074385,29.46444820132117,24.498074829211962,19.891128308128515,33.864698314149564
81,101,34.3423406524945,26.640042989883472,28.272890683298122,22.51087654591419,22.282966224176608,31.082944553565444
81,111,33.97199391489163,25.772937548644677,24.497984858642354,20.70602212576204,23.725150967592764,29.598917104313465
81,121,33.2063102026288,26.51629220528804,23.92717199190791,19.24100397145981,24.55425399040287,27.312311182409665
81,131,33.082579590511656,25.79566247197478,23.15283915484488,18.206199646793973,19.041311602866006,26.475243396104947
81,141,32.6836801879626,26.14771908667134,22.54778815735426,17.30050355589649,19.38242785813017,25.459512565136645
81,151,33.15082304371914,23.904345028272033,21.95897645751581,16.653483244094435,26.68841076253583,25.38789303041017
81,161,32.89387327044573,24.133480502409572,21.069426586500857,16.247555945892614,27.314751564989027,15.095922908071707
81,171,32.438856074986084,25.166535216428727,22.685781202515194,15.65618146431165,27.671148342488678,14.867027278065917
81,181,32.4374891814089,24.752080795220582,21.934080562042936,15.322578010232894,28.52533790037771,14.625183930038554
81,191,32.301393983608854,24.867063702156262,21.37300776322995,14.82960124518849,28.00167736122749,15.555259398020599
81,201,32.02744955399634,25.519233308296567,20.80906119215941,13.442709832170857,24.973819027861076,15.113808757456004
81,211,33.0489340584654,21.443895571473448,20.643167606541898,14.309482691638312,24.44110838521094,25.141280755898165
81,221,32.63275787381957,22.81141628725464,20.063232650151576,12.902369208922341,24.0859385615515,24.51772074151797
81,231,32.05328969622867,24.755163136536435,19.420228627144727,12.683878918148944,23.895160535887094,24.19846018042615
81,241,32.92280459909009,21.20184351390396,19.444494631491246,12.731624388086221,23.545422206910853,24.337612183557656
81,251,32.20234435962342,23.86960658625574,18.907233325884476,12.371550980050563,23.576185862383912,23.58070601949127
81,261,32.973243786470576,20.6075797482569,18.74290237827362,12.308649332005698,22.65933014640516,23.876333275554508
81,271,32.08649928975875,24.034288946123716,18.42536571659073,12.037688664861918,22.937603423585422,23.09235901398313
81,281,32.812478816368305,21.00001783221598,18.274622657605263,11.747857165255649,22.12839187839471,22.780652075806714
81,291,31.697561319070683,25.264530600520764,17.651744442925345,11.269422106541493,21.879469418265376,22.149872325209717
81,301,32.41969180725106,22.410007493273334,17.813244655095044,11.352914102849315,21.265592237907306,22.481606902667608
81,311,32.11663531135304,23.521911485935163,17.410266477920985,9.422644923260876,21.37558944207187,22.23635716538217
81,321,31.72635223655253,24.924924807817643,17.270112695065265,8.588007859391114,20.76050214755753,22.19136579050488
81,331,32.375716409195235,22.334440603521344,17.42818869229284,8.99107536380789,20.330228071149005,21.892009772229013
81,341,32.92563393926996,19.8653164743824,17.61052880465115,11.398691952579258,20.122170578310932,22.35392256656844
81,351,31.32820209766264,26.199151655020604,16.78699707653311,8.611647220838488,20.29028469777949,20.931058715224058
81,361,31.958692136632568,23.809610972511685,17.06525976151901,8.427989851079184,20.17209558707746,21.52904518541876
81,371,32.51040463761739,21.514526136135608,17.103316792427687,8.580479993392895,18.942288673562206,21.212427151991623
81,381,32.980668401375766,19.319952398022025,17.340541165988242,8.443790116046333,19.105208247730456,21.851438604506424
81,391,32.405164280471524,21.860885814647947,16.786314966283893,8.58929796779009,18.65166147669194,20.947543987820318
81,401,31.653052902242802,24.805498774563297,16.571866562388823,8.019397194855134,18.5938142152945,21.058650491444123
81,411,32.17750835629613,22.721732920563596,16.782894125839004,8.060419222421636,18.687481313191892,20.848704978765944
81,421,32.63870099089494,20.714955726376193,16.809477063769158,8.183584336621866,17.567971818996977,20.50535248288432
81,431,33.03487969515466,18.789262688026344,17.11622206845426,8.264000710833159,20.731813168559086,21.41476595550272
81,441,32.28189499509534,22.188254810502205,16.505145077862036,7.939677964228446,17.931218623849972,20.489201858003575
81,451,31.263053725808433,26.10048012273075,10.014559636482819,7.858590609955525,17.903708468443966,19.533621207074468
81,461,31.758099074520224,24.232164631304475,16.52839362266097,8.04950525603793,18.535510368098947,20.725444497231877
81,471,32.20583082957898,22.420374218549913,16.52656862717044,7.804351292244088,17.640734416752473,20.316565500773414
81,481,32.60492506639895,20.66804887818396,16.53763069812747,7.940406297548036,16.680468187712368,19.946885208776276
81,491,32.954221733497526,18.9779172955601,16.730997646055037,7.733003807830806,19.69050089392422,19.162734047076178
91,1,16.4515815214833,83.44891788943941,31.128201457533596,67.53116412937526,18.56661667454136,80.73937855565167
91,11,47.90594912425012,51.866879456806835,49.01979596015735,50.039604239925936,3.1830306036716514,91.84433401474796
91,21,48.332756615162445,49.45121034840438,49.63405242891941,48.149428088030724,3.554498736570417,93.08310627001394
91,31,47.274469646928516,51.79921856103429,50.671233310998545,46.437157330992626,1.9496622256519986,94.85658935750456
91,41,44.455716362371476,51.35872844996878,49.88333318893404,42.04229059923097,3.7658247988809874,87.12669763295618
91,51,41.81363581729745,46.887192895317156,49.04646745886146,39.678320278273496,6.699545172142536,77.64391727318989
91,61,39.60933885358908,42.057264601198376,48.80781352746859,37.820487638535546,10.374181985698772,68.85411307643791
91,71,37.501074020885554,38.43785571768638,47.22874668058958,35.04674352942539,12.205667552637212,62.362731271264714
91,81,37.031444129744514,34.35823304417452,33.415171422159716,32.87311341035659,11.96534140501841,57.684366008163494
91,91,35.57055798836216,32.73722763638156,30.423155939221104,29.893635144637432,11.554631736323026,54.78019586086897
91,101,35.519337184257346,29.795397121589406,27.530016083066545,28.146844999903088,11.451649009435679,52.56821480371649
91,111,34.95143211398511,28.41204513431207,25.705298602962266,26.40962505382891,11.061630466557636,51.213972785657745
91,121,33.958577780795316,28.651759901875263,24.338958274221085,24.544678231950286,11.127404254062048,49.98724966699075
91,131,33.7343726316485,27.630336528916356,32.439787197881735,23.651100785356352,4.25666521071466,49.08473197498877
91,141,33.21992157785345,27.694632404807102,30.76159367654619,22.057066286770354,3.9480939000098165,47.326450355157654
91,151,33.67908276172838,25.326609944008393,29.253769385501116,21.730240022043894,4.016835632156903,44.73650930217625
91,161,33.34371790608317,25.363383163241853,27.17364355337095,21.399414145686194,3.9532353423730724,43.095468048667975
91,171,32.8073687874931,26.21639069619599,25.385582812995782,20.81153055708814,13.86077666772346,41.290054375818556
91,181,32.77095670106634,25.692681094635066,23.52834042043141,20.563775512933038,13.815345980247193,41.83493714295213
91,191,32.5957552876851,25.70346428765197,22.10921192042981,20.08674349883463,14.349288997817574,39.63696571198972
91,201,32.28071359226995,26.256973773665806,20.962588685370992,19.58163641039949,14.455828821373565,38.43431423712155
91,211,33.341266455200504,22.1847384514181,19.642504336153337,16.130597733104874,14.86829102733365,36.698822769150446
91,221,32.87618766681278,23.46021261257844,18.9433827546198,15.4832811721571,14.911505049268897,35.459412392399784
91,231,32.250279972217925,25.31744756082992,18.02371972102549,15.041919397331661,15.985921275679718,33.95020998218863
91,241,33.14579528136388,21.764936007675136,17.266030143200535,15.822070330827895,15.850669267851375,32.94654472991725
91,251,32.376624432878174,24.3534039104685,16.762741621266173,18.64667827689486,15.846251579048568,32.20680262846696
91,261,33.16840958105603,21.09102493459299,16.345501768582764,18.670443971539292,15.819760471384352,30.80684386653055
91,271,32.23341233881581,24.445131654226877,15.927449538537772,17.971013479197108,15.817118866890716,30.37837654422505
91,281,32.97565562730264,21.410627227139475,15.80632475243454,17.699507939019934,15.347718538487214,29.06457475548792
91,291,31.815284659507707,25.608193151828996,15.624246395794724,16.441124024682306,15.5200284607535,28.401363826992338
91,301,32.549650889782974,22.75417296107398,14.554913067255553,16.868732973445418,15.33305130590515,27.712823336918763
91,311,32.230306119654976,23.834989043132612,14.915560752238754,16.56827478891329,15.506002940021531,27.275630387805926
91,321,31.82436858351616,25.20813800825495,14.071151881308122,15.922447144471699,15.610185236607041,26.36546744871804
91,331,32.48289742083686,22.617839443287195,14.084188467257796,16.07532471586022,9.913176094520882,26.0475742225275
91,341,33.04227336922937,20.147714730321372,13.810834922814541,16.660086504391664,11.945625297390311,25.670774709849077
91,351,31.403841312466486,26.427380128113693,13.809633379496802,14.87905701701113,12.902111805607367,25.141824459822203
91,361,32.04085136216491,24.038367470489646,14.43312519700401,15.69885385387857,14.724099113047581,25.20059742646045
91,371,32.59928803833749,21.743021512856036,14.704377124153767,14.892713128488563,9.306142829977409,24.187226410374976
91,381,33.07645569083502,19.54741330077255,14.340211650334322,15.96536490172592,11.57701486367635,24.200496466512625
91,391,32.48331539221149,22.064376675732895,14.435553448393126,14.68840813933391,9.31038517405091,23.546455708467878
91,401,31.71551666052738,24.98544823720093,14.355243326441236,14.283819218355791,14.429793253213468,23.257430312908784
91,411,32.244600060985576,22.90171403049264,14.342485035182934,14.521939398971492,12.00610220833437,23.392662105832553
91,421,32.710538517772406,20.894479038079947,14.658266758093255,13.934247965719877,8.626251219882766,22.599383384070855
91,431,33.111566696578194,18.96784945326066,14.160417905122669,15.394094086248636,11.186339627611142,22.996651584092017
91,441,32.341788918955125,22.34602620983616,14.235119732681659,14.074153311407619,11.739167221130646,22.46898662177074
91,451,31.30859694754641,26.23745082190124,14.391264808637292,13.017048076673007,11.38172888159657,22.020314714898078
91,461,31.806665426156005,24.369344966831065,14.009293733328818,14.276532287856847,13.737567535069624,22.927839828843176
91,471,32.25749339141253,22.557473525799963,14.253308857212598,13.773173615710544,11.365921370906076,22.182570951578054
91,481,32.659749972633016,20.804780704443022,14.556793217538283,13.228361208335254,10.821805967581753,21.52217598134452
91,491,33.01226768741554,19.11400097511255,14.37326551336925,13.76956443008637,8.248508532604392,21.648654423550987
101,1,15.557757164094202,84.34628194340583,28.486506941230832,70.20136562286805,17.655143103214193,82.15798957913498
101,11,47.627310571124916,51.980232903051935,49.81191540746724,49.72536453372606,4.431662503054195,90.77718419180285
101,21,48.63376380985118,50.92511607134561,50.33507822567187,48.46106423446896,2.941233608916373,95.69921200362258
101,31,48.063398606617085,49.71284570529226,50.17869314399772,47.09238353946855,2.1882394393238016,93.64250248250595
101,41,46.67113871080757,52.33442463764042,50.867970314097036,45.387904467252255,1.8542471049667684,94.29163146905391
101,51,44.576461572402046,51.04635487956308,50.14921347006356,42.031927416415456,3.983787686496875,86.08744818254907
101,61,42.314298633627104,47.529255443637254,50.693269768867886,40.11240557827591,5.765066620787065,78.11706217176736
101,71,39.817693242493156,43.99728394728958,51.48489925644629,38.294931500042715,7.969426040620394,69.66564862723388
101,81,39.17327945655733,39.61059615418369,36.365838472372154,37.3920265418832,10.639699168869797,61.545896971183346
101,91,37.268953141832775,37.282211631514734,35.70678929272728,34.94003068486456,12.770150964345303,56.10051475878263
101,101,37.082213095521226,33.87451774319546,33.377992297321796,33.67463479700754,14.256075732501456,53.00791923545833
101,111,36.27331237501355,31.924334882787107,31.65473899177632,31.908867578441058,15.748604046254263,51.37340099351939
101,121,34.98528971436677,31.55146067329811,40.032389323762395,30.169556107041917,16.46566094466063,50.70231020853898
101,131,34.6303668636964,30.151406601136514,28.99042596182875,29.018406771181283,18.023468700175606,49.86377060725589
101,141,33.96075998446424,29.836535131818664,27.801983373193135,27.681367676503555,17.999551304018897,49.64938426089003
101,151,34.41208332764951,27.308927985927856,34.80051988070788,27.196310784581872,18.10049443807967,48.915121082258835
101,161,33.969720888799486,27.083147821355837,33.206721938322374,26.248843262640897,18.206676668962565,48.153494675588426
101,171,33.3211847861994,27.68615708144579,24.03211448577325,25.32491122996979,17.928389461317327,47.00439659665381
101,181,33.23690393177145,27.011811428962712,22.478932090708092,24.572862211926296,17.78487912846091,45.69458546076137
101,191,33.00779978047254,26.87734340495222,21.46504266756889,24.252755981698794,16.95678769444722,44.78572646693244
101,201,32.63580732486099,27.292324835760873,20.416310899604735,23.480982952500003,16.22818195505507,43.833071904535835
101,211,33.75211613346211,23.229084530275482,19.00069154720988,23.208168113764096,15.20609689761893,42.26221859130848
101,221,33.218729075182836,24.373573319301627,24.371047358850987,22.370004037522477,14.445604352302551,41.50181240839153
101,231,32.5278897370636,26.107700401085083,22.68562207380965,21.497303781556923,13.778831389386239,40.480113104848826
101,241,33.46058388179835,22.558942247292517,21.669094969999836,21.474037793597226,13.540672096058174,39.23805293803922
101,251,32.62305481685742,25.033969763165192,20.817391822741175,20.546248497931277,12.859690539774343,38.77412849932506
101,261,33.444770248967956,21.773023124461744,20.19632692161836,20.30452711136183,12.575752057302466,37.58525294014783
101,271,32.44189438648469,25.023099271452487,19.413426792564387,19.3982583484225,11.97875227054093,37.392607220220256
101,281,33.207490152004794,21.989636126389904,16.410603972929717,19.032243413700225,11.739180001362987,36.324936994651736
101,291,31.983062473266425,26.091424475188774,15.92883998873531,18.037444768927298,11.085395844366229,36.1268099279877
101,301,32.735038632144594,23.239049037595073,15.461503119543856,17.86251855422389,10.918990400573778,35.40963248042182
101,311,32.39290152171071,24.275770278331045,17.95093266638564,17.41882713465469,10.918187874303548,35.17359645528615
101,321,31.96493944073676,25.60672956488942,17.651727059836755,16.812996071485113,10.599158160119899,34.63685993709043
101,331,32.63672855638431,23.017345664918,17.58516323819976,16.561930687563255,10.494965873482078,34.081456959980564
101,341,33.20981783066458,20.546499991592913,17.21377368666137,14.313466548182108,10.61141451334092,33.53479445801605
101,351,31.51319327432866,26.74873545493518,16.999728947148284,15.431868167696239,10.185447850062786,33.62742302510935
101,361,32.15969939576108,24.360903379878113,16.68891470353709,13.288367602128087,10.122038878078872,33.5389922821342
101,371,32.727946316992714,22.065651257953462,16.98702183879598,12.808458649623985,9.899284863274621,32.538818600448025
101,381,33.21520514871618,19.869069237362815,16.58237782211044,13.349827806848788,10.136020254893507,32.34702250079046
101,391,32.59706169476973,22.351801687337602,16.66011894596484,12.28796167915143,9.61138403269461,32.132249207915116
101,401,31.806905091001042,25.239519458385224,16.32855518129209,11.947913633937903,9.557809106207635,32.08769738529897
101,411,32.3428108123274,23.156142990552596,16.279691059647583,12.07430776306487,9.577594916997736,32.03618303471832
101,421,32.81575678660201,21.148591066432424,16.644709465828907,11.563998121103284,9.466305786811406,31.10022917518548
101,431,33.223958142794494,19.220983426290264,16.12264230186746,12.48227295148546,9.723264545039866,31.32707276086501
101,441,32.430175480094974,22.569379977072195,16.169974553246817,11.386168078750265,9.426409347084121,31.288909252624336
101,451,31.376339716927777,26.43132822304214,16.088589345563225,12.653084783426415,9.667345146188548,30.917019050612016
101,461,31.878935776985955,24.563732046057908,15.657703267800269,11.526633008706325,9.50012139040258,31.75335119252661
101,471,32.33440767096303,22.75197038693798,15.953341911028001,11.074922139590907,9.383062073717028,30.962610425687455
101,481,32.74141494489522,20.998992775641533,16.311332311287348,10.584906574695731,9.325345797149009,30.128403306654505
101,491,33.098779818260404,19.307541175734098,16.192534740501234,10.944376788580131,9.273389406168036,30.18038418172838
111,1,14.714669950218717,85.1861333042175,27.310812532936996,72.46127988455893,16.384869373116565,83.35915239414635
111,11,47.26303991184464,52.39252143350943,48.20359619262945,49.87539409988976,4.327357253396669,89.79872583063008
111,21,48.8072784672825,50.37619846499434,50.205004552147656,48.521393303371276,2.612244178896061,95.51334008716921
111,31,48.24677738091285,49.57219591186907,50.22562592861954,47.87513684640538,3.247136786016268,93.17646817325294
111,41,47.77495780218781,50.687993663277766,50.37035109065147,46.906394844305346,1.146721403387874,94.10594201994867
111,51,46.67373978275046,52.17472250365688,50.533096269599284,45.32170555543581,1.913809805887256,93.72503611821315
111,61,44.82122777130299,51.084464767598426,49.724068501932514,42.55374940123749,2.8971754839566497,87.41896797422464
111,71,42.245785015979415,48.78800842352282,50.20647043025739,40.59088528314533,1.9870257176088586,81.42251416258189
111,81,41.574812380592704,44.74912772551257,48.823691895820595,40.55096868461231,5.715023012307353,76.07351039950285
111,91,39.28739095486698,42.23061106251325,49.83123624835327,38.64809735536348,7.213794062412752,70.2791343855102
111,101,38.99947288722423,38.56951377909989,48.48768072554325,37.569287313156664,7.9861738315811674,63.42006897888874
111,111,37.938257487793805,36.16614904768396,47.28264030565339,35.40846374757615,8.569835213350427,57.34692537282646
111,121,36.304405869659256,35.190479865660215,46.52279525789035,32.773901424213555,6.618676413081078,52.33144152347575
111,131,35.79492988607188,33.386549261752485,44.926350136670855,30.692286008113967,8.61210331073607,48.12891133682528
111,141,34.93139389355231,32.63216774185093,44.148556779460506,28.891094781890665,9.05586755465724,45.54880521176069
111,151,35.37779777647873,29.92368177939404,44.96045869604576,27.191602770569812,9.378261805185627,41.586134817147055
111,161,34.797040343554904,29.37162601519737,44.89776886031986,25.322599156264797,9.444355495472461,40.03727881077725
111,171,34.00118412452958,29.652698164674028,42.03247680163428,23.745344580966,9.23920952506755,39.015782047370465
111,181,33.85416131881005,28.7841390095611,40.93489300209765,22.34375054267886,8.977101762173616,38.370355387086704
111,191,33.55354897478777,28.458651472872752,40.058695333166696,21.312728108700103,8.938815605890966,37.043319359328905
111,201,33.10550115566199,28.688785811837807,38.82793846026592,20.56677064280624,4.4217589853003245,36.39757768639707
111,211,34.297388851042506,24.644772423138683,37.16824392187076,19.797114134492773,8.377676988881623,35.44656911216841
111,221,33.672037821855135,25.610943282463005,36.06543068698958,18.877931511115023,8.263786517506896,34.68270953623869
111,231,32.893800078071685,27.176728969087854,34.39274480613817,17.293905823979472,8.675031241061289,34.16167175957228
111,241,33.87659594126729,23.637064866935077,32.589895958324135,16.79585281057338,9.679703025123281,33.91567776179924
111,251,32.94691037837404,25.955529034430093,31.045169311694863,15.9028522007043,9.508456135661369,33.40538076640026
111,261,33.808811070152736,22.699427042593946,29.84094993212584,15.532863313333737,9.84789444987933,22.586110271261063
111,271,32.714518002029415,25.805343373794287,27.909597465155546,14.698805782067364,9.700194780886706,18.64871554287592
111,281,33.51128115270768,22.775282997584757,27.463996806955542,14.327437785217539,10.43546262140162,18.111280221226924
111,291,32.200860024944284,26.744426405412476,26.153018990970683,13.562339604360549,10.353097012463019,17.732081880816164
111,301,32.976148647551945,23.89556424597815,24.964435863682322,13.72048369948853,10.543256110928487,17.06019832163547
111,311,32.60316268374834,24.872005770416603,23.62394192537964,13.21940354059548,6.295108743798834,16.343905856035626
111,321,32.14586840562929,26.144948466390673,22.641087144400593,12.752290285530227,6.401456106224571,15.729943712121926
111,331,32.8350689537425,23.55761430953578,21.99419579444532,12.507427592477963,10.975142811602234,15.431124539388385
111,341,33.426207397813975,21.08663866992623,20.872727007945503,12.563126673577448,11.139570954496254,14.741534184564001
111,351,31.652143918671456,27.18185646201204,19.94284080196754,11.598221858454592,6.764067103261021,23.645593334465016
111,361,32.310972021822174,24.796087975471618,18.95126723207726,11.658697546947893,11.127145720293399,25.451836154904466
111,371,32.89197431239371,22.501451361834174,19.057951863998902,11.205299816468193,11.412944749415725,24.944092806710955
111,381,33.39238067160285,20.304057476009476,18.070516152079044,11.522901250939006,8.788778244091711,24.22320713932363
111,391,32.74076862292858,22.73984725436164,17.976620094503566,5.295403101874096,11.487656532706165,23.98185845173652
111,401,31.921217941327512,25.581618187186194,17.11192836891077,10.418806026456675,7.341561976025599,24.322570400767017
111,411,32.46586131173338,23.498986645845164,16.645259621903826,10.40955552274809,11.50511295785412,23.86579368404263
111,421,32.947798249897495,21.49127785560616,16.813132295141024,4.937147860069858,8.541976640610342,23.36792117024329
111,431,33.36521969561615,19.56262748166269,15.918947525788743,10.619938698317489,8.597182590948044,22.501626872302126
111,441,32.53960018648411,22.87032063903165,14.629543362217486,4.6287716311641764,11.549842271305058,22.70609273069334
111,451,31.45894067430057,26.691775879174852,14.202034430343682,9.206672891443166,7.659893413354833,22.525656705894978
111,461,31.967215590263425,24.82499102439064,14.618291770680928,9.813457871853405,11.378021993219988,21.77152612218739
111,471,32.428522097960446,23.013506295534373,13.587165461022584,4.450137694141651,11.529595542114357,21.67391817627285
111,481,32.84150805783106,21.260277492226447,13.79066586152528,4.237218776586257,11.649713637980827,21.23871709981454
111,491,33.20498307304274,19.568055724076114,13.53745841088562,4.991816045178879,11.154243792948689,20.548781997594272
121,1,13.928364508431166,85.96602948241272,25.350216426280248,74.39965831250632,14.702876818957797,84.39936546156065
121,11,46.86224003096932,52.943081257150816,49.62081221605988,50.07959106013602,5.254707362193703,88.55887197496803
121,21,48.770666387795956,50.734398624203706,50.19650484846632,48.792655908230586,4.094794747257996,94.81091234661776
121,31,48.517494802760844,50.8780537320063,50.307607789493716,48.319509993011955,2.042394225826203,96.40746133017066
121,41,48.09653989749689,49.371562034237066,49.39999830846462,47.667733995666374,1.5330593714538492,93.77918868579644
121,51,47.85587786945863,50.90719677871137,50.035399989250685,47.13433884729212,0.7111673374069984,95.51616607734456
121,61,46.743776222296056,52.06752478632139,50.17564677321935,45.325346479982,1.5976052935700857,93.56391053425855
121,71,44.456961914476764,51.825414034523,49.37199325910472,42.53568358535077,2.4594007460917955,87.07320172713567
121,81,43.965370428617334,48.80981808519495,47.30541828204709,42.277187134918705,0.811132094060208,81.41043961757404
121,91,41.46140409289946,46.827120018080244,46.99094951201339,41.42421791335503,4.962755553729659,75.41710533898545
121,101,41.156096639475656,43.285110170709444,44.91042971288699,41.631159079120586,6.789646464943067,69.83765321723291
121,111,39.885914541715316,40.73424207112089,43.56199001901441,41.213709076047145,8.906699711972786,63.13703806734329
121,121,37.90028181079988,39.35048544359254,42.525637084045705,40.57463687192427,10.840275569752702,55.62824243148361
121,131,37.23311144494685,37.21619180702214,40.589716720732824,42.45848393100821,12.542508466130592,49.273512905279595
121,141,36.15107969417839,36.040237923162884,37.72056470243798,41.33947958163907,13.263885444392972,46.602116623882715
121,151,36.60344680781266,33.161264473062964,34.908246933849036,40.98190924635773,14.179252693642866,47.45546374408965
121,161,35.85860565378563,32.253820703679445,33.32954206877658,39.215566714493036,15.156024857142796,36.11876598586009
121,171,34.881128378679236,32.16203115461514,32.24076166600216,37.66147435954655,15.63947760828945,36.810121218378214
121,181,34.65789839096523,31.064873759901545,31.236051354962726,35.798578560098406,15.961575519549953,47.39876503657138
121,191,34.26805610156628,30.50686975412623,29.420396213170136,35.16336257786939,15.746214569356868,31.053315677597617
121,201,33.72345476005579,30.50599314816658,29.224711834938123,33.87460814875091,15.38812021761686,31.28636292995295
121,211,35.0167339400848,26.49669260012102,26.843174743513217,32.08559789889607,14.952821648887879,31.462410825451308
121,221,34.27249604229507,27.233359321525345,25.95607893031062,32.431861565154556,14.70867662791754,31.384058519772744
121,231,33.380545681110874,28.579593775424478,25.958078414343884,31.048568307025132,14.657837276490001,31.407969352678382
121,241,34.4309326494923,25.05773086953058,25.33646625765076,30.069820486176695,13.905105097146725,31.40862140878099
121,251,33.380308574734244,27.168662591432874,25.064033400352763,28.809090611901777,12.83065102789178,30.848299678910973
121,261,34.29658151145819,23.923288531743548,24.035035599891124,28.57902259637653,12.186906955186789,30.963510231044268
121,271,33.081663801282005,26.836238516458394,23.99747446156279,27.129140826314874,12.281563708935712,30.094136956511825
121,281,33.92068029320626,23.813703837179307,22.23260323847147,27.708952817007525,12.184293745299458,29.931428075063238
121,291,32.496396705836176,27.60464211594,22.359141525773076,26.59708893309707,11.910925009555644,42.52395437719383
121,301,33.3033546505072,24.76240035714673,21.968043785842617,25.88641309411777,11.564062792673168,28.979320020921524
121,311,32.89016942805591,25.658295374753916,21.457840288593786,24.84065835618414,11.393028788472623,28.146221086142475
121,321,32.3937702104616,26.85418591041185,21.121374355644566,24.384200848923182,11.11427797081475,38.65283600914102
121,331,33.106726259769275,24.270814333516512,21.015244080484933,24.008365020942932,11.058237054203937,27.408658978177066
121,341,33.722513190599386,21.800974266598075,20.952218720537193,23.028084654239784,10.581686289575707,26.83942082823107
121,351,31.84507137739525,27.751984422513743,20.382062622970818,22.76639652214226,10.977234677294943,35.83438366608487
121,361,32.5208134132046,25.369658354128642,20.5083721195588,21.703266700936172,10.872844036324814,25.374592741478665
121,371,33.11932604740188,23.076583159294646,19.84541975473653,22.171442195674512,10.86951212089228,25.032932054921435
121,381,33.63778512855858,20.878888855588578,19.914513554880543,21.12344011875044,10.774621176211735,24.54258291439718
121,391,32.94193705337739,23.25131818153113,18.940379454778448,21.223845063869202,10.997014618351066,23.789133881502664
121,401,32.08265973192041,26.03190122611431,18.772542598935242,20.563293452128775,10.59679265147544,30.491424084883654
121,411,32.63940821681443,23.95064349931944,18.914272319741734,19.9673308184899,10.552718877300132,22.754283836245577
121,421,33.13379428608107,21.943130512401808,18.482952507867317,20.19418288378496,10.935205646203725,22.215673141873076
121,431,33.56397631379812,20.013515166016404,18.592140527652163,19.23095940486045,10.057755759546891,22.086639445819173
121,441,32.696013130066596,23.266343941704797,17.664267382270197,19.154488107313895,10.210072781176235,27.64460025113426
121,451,31.578762026189832,27.034099353209882,17.494186335884827,18.9436182410851,3.922345157860202,26.868143220454154
121,461,32.09502511445106,25.16855831749719,17.78216159757391,17.945639455537055,9.592493345051121,27.223325317328385
121,471,32.564528182655565,23.35761816339187,17.372148315644477,18.097332779287996,9.91183302962339,26.15349867237465
121,481,32.98590282066648,21.604241539239368,17.08889432012569,18.209670096998863,9.087240261729564,25.045087557390826
121,491,33.357941124151495,19.91119012529877,17.60778607525741,17.952002925455545,9.747769214840002,24.98377689018443
131,1,13.199742966490255,86.68573950674335,22.1435869678836,76.08242356846475,9.684604578078599,85.32219166274668
131,11,46.41894511261776,53.46875711157127,45.898925508923355,50.38874314546226,4.501136155727654,86.38455648546687
131,21,48.7580484612682,50.8863029091847,50.12474881293526,48.723556428924844,0.9887973153684461,94.89300392087421
131,31,48.76156551859324,50.7054771724161,50.110495334126945,48.79641388821144,2.4854861168655242,96.27479330185838
131,41,48.25362117866985,50.00003678686481,49.51731554324355,48.54031500779291,2.082379710735466,94.77087530390564
131,51,48.29154214287878,49.3426550343268,48.56764723864739,48.376331714531254,1.405425324574316,94.02310378074648
131,61,47.891856143186054,50.98497473607747,49.93970679820857,47.30628797404513,0.5205526085370515,95.85081476941801
131,71,46.16680655682228,52.668571376437136,50.81026449598931,44.91129038077927,0.5854666424720015,94.38930405951078
131,81,46.055471694534376,51.07721188613248,48.39681402667079,44.48553226295922,0.9841187872862015,90.23370726211239
131,91,43.56902646399228,50.31122950941446,47.728656243931674,43.20640593996071,1.4584027303929623,85.4318657099811
131,101,43.364161341952915,47.30905934331998,45.58895328372942,44.42217072315572,3.2419394990696695,80.32069363825535
131,111,41.98223630287249,45.03890856179587,44.47440643991188,44.893081765541815,5.447387605219397,74.12903803092273
131,121,39.69581707701063,43.61592330898814,43.96624675355129,43.76314804269514,7.281560572690187,68.16643041485668
131,131,38.89516061517682,41.339171284098605,42.7882890576479,43.24612666010854,8.276840999279555,62.966951706896104
131,141,37.593562943858736,39.87121790401881,41.91272588877248,42.14766791774945,10.725786953319384,58.988711833586734
131,151,38.07067569699831,36.87757875905463,39.73009938534178,42.211930581769046,11.37536012380255,55.410514012085166
131,161,37.146677516697366,35.65168326899052,40.44359919988477,40.050636723896346,11.599897119232844,52.945359422896686
131,171,35.9602546370137,35.18696074745056,39.564304462091556,37.48358149699239,11.91940485606238,50.864226919895806
131,181,35.65001013495975,33.85246496172095,39.31498558172522,35.10241232921505,11.975626825618175,48.89291181419005
131,191,35.15423569530326,33.03937255824141,39.015740448338946,33.165661306612726,11.676291954039383,46.113769252326854
131,201,34.49211229951892,32.773611026097434,39.20322972618994,30.881751101281868,11.35419320847697,44.938764173447545
131,211,35.91512038416103,28.819064703180253,38.12491128542174,29.535807172871493,11.388952148966993,43.17359437648696
131,221,35.02288260544248,29.28115415648218,41.66103532728285,27.601901750788898,11.127714122878334,41.770143894999784
131,231,33.98797258485998,30.35758045910975,42.66607391696357,25.0578267239819,10.73615325997527,30.457333878620435
131,241,35.12510019527682,26.86602285213624,42.598204544095104,22.865953153393725,10.972849979981197,28.956108033500733
131,251,33.92090547227134,28.715033972834597,43.2291047932083,21.14193610599058,11.081039641115058,28.152142472717905
131,261,34.906912623278274,25.489344311501057,42.95563921031748,20.454760009378663,11.065735825475642,27.158198907948893
131,271,33.53804140324215,28.15411068745086,43.256163022190826,18.88723417191045,9.268949500346215,39.58103206543021
131,281,34.43100842262622,25.145559536755595,42.826956045358564,18.680417351869302,9.949478946143154,39.305976094659066
131,291,32.86129465728986,28.704745250123565,39.966810841205856,17.570732546475444,8.337057341680731,39.36945754949286
131,301,33.708360583213484,25.873910307858054,42.47518150598562,16.97824256314881,8.673331751708155,38.173792397984904
131,311,33.24345988695463,26.66551321486913,38.840659132924024,16.3376098070864,8.63661748518452,37.60732376746438
131,321,32.69730923828293,27.76158398775708,38.72572743507809,15.619120164276401,9.220997648348229,37.25611806931452
131,331,33.440094790633204,25.185181050345417,38.20362028946121,15.359678375955383,9.495050653431932,36.79114520244589
131,341,34.08693545397038,22.718770212756787,39.673655480871126,14.989169609243971,9.733932088725666,35.94033189563175
131,351,32.078087692376805,28.47985545543885,36.98776122098143,14.427986006335239,8.812665610112294,36.498343019132825
131,361,32.77478021873665,26.103021934866565,35.89796155865714,14.690455536676708,6.858369256514184,35.21369849458452
131,371,33.3950400945829,23.813080500787457,35.9565984213107,14.688495530558201,7.340062379540531,35.2211139790293
131,381,33.93598115592974,21.61617383518497,34.644947447232596,14.545719607245383,5.204297487354323,33.297756394971216
131,391,33.18361208978895,23.90506757519694,34.199533364823125,14.496202293728889,4.66706745318722,33.51889834158657
131,401,32.27435867660402,26.605601541919942,33.37104372670325,13.856950277273604,6.33530283454387,32.94225690129769
131,411,32.845876244260886,24.526679130161845,32.63658681899708,13.728869445884554,4.532932634648843,32.56026676934648
131,421,33.35548458322551,22.520015917756297,34.55966989410923,13.70664838932894,6.115530049412209,32.49715159518779
131,431,33.801304146033914,20.589781381196616,32.71832663690701,11.122949771724745,4.789840538605074,31.37157876228407
131,441,32.87977270341918,23.770283292305272,23.910455177643364,13.676433163452586,4.214653148529289,31.61044510208932
131,451,31.71708744663561,27.468024676482223,23.48407654145538,13.122851289335536,8.204214931580195,31.800593900935816
131,461,32.24286088567722,25.604304175396347,22.491769071277005,12.950397199444474,6.3606794992116935,30.56225774746523
131,471,32.72214084781766,23.794302920263323,22.434772704093074,12.835075087368164,8.102895631270584,30.470861430446583
131,481,33.15354008695309,22.040990348451928,30.19781094585975,12.789816951494071,8.043277131878304,30.328360731759762
131,491,33.535830291347615,20.34713955942992,29.228980326042926,12.872810224700368,8.254491959708945,29.953061730413307
141,1,12.525939621575999,87.3477875214507,20.763441204329517,77.55993628440173,8.85147939368305,86.15960257705666
141,11,45.924156089962274,53.967194154877085,49.02973576000341,50.79015387562015,11.938622053669805,86.32029557209815
141,21,48.650014963399876,51.03203738133504,49.99123213036274,49.271574222049125,4.215921610117355,94.44402671209826
141,31,48.78685083876681,50.31256840916708,49.56647340350271,49.304173948460836,1.319344131771082,95.66069938215516
141,41,48.52720684809468,51.02009746292268,50.52392673889145,48.32589774586034,1.2810847381605948,97.17862160141729
141,51,48.433958372951125,49.24839609191985,48.78079170379588,49.39419743321669,1.454822981470184,94.4934541927319
141,61,48.37360268990682,49.43325187402751,48.484892332873805,48.710151987950866,2.1660710172298385,93.32412667954925
141,71,47.23195725119505,51.73991728986547,50.66324365158207,46.66357466493554,1.4679466127293352,95.31762619467334
141,81,47.615645805332385,51.368523370154186,49.749044936179985,46.31186378201331,1.4795789541395137,94.28331969168386
141,91,45.38441586135827,52.16693526514453,49.51617007612144,44.089109751249275,2.901310197563413,89.68552775566549
141,101,45.406404881600935,50.03942766659072,46.98011551289126,44.81731438939384,4.28061319170057,85.00035958382078
141,111,44.04911523864051,48.47778794881039,45.567099497555056,45.11774891070881,5.977663394830849,80.15779596574325
141,121,41.57106440477475,47.46955937953779,44.89670893161448,45.27517543727235,7.7349775230555275,75.63269009234604
141,131,40.693401081433954,45.321217320658484,43.3227223878117,46.51640435152184,8.673256641433241,70.93120334440492
141,141,39.20566875213788,43.79755439232861,42.07346006656558,46.67312782746661,9.712291961322798,67.00380842898787
141,151,39.73731813583923,40.7907863996302,39.467203908912055,48.04601685056926,10.218156422597314,63.5299529563383
141,161,38.64142906545342,39.36743285783761,38.34281788483398,47.65680158496427,10.89828756213571,60.45379826177469
141,171,37.23632749246754,38.60678582467322,37.754442761131386,40.246637373258665,11.776824406618227,57.44023733130379
141,181,36.83743712303224,37.06922514480188,36.73589420768113,39.05327840362142,8.541448949198617,54.79023854847507
141,191,36.226294048693546,36.0157469548584,35.654525579998975,38.011917639397275,9.215566034069628,52.06811024275906
141,201,35.43064968077266,35.481209348391616,35.19309497884947,36.495736415904275,10.558712094604656,49.76394761557041
141,211,37.01558626862582,31.60312924189219,32.86357679214066,35.99482219477785,13.621066832878961,23.4667586417331
141,221,35.9490138103202,31.76877080292961,32.78694552270578,34.38960814971685,14.170574370483283,22.32000438119755
141,231,34.742250733803836,32.53994911275229,33.330163748336545,32.0370324417707,14.19082933482922,21.882991924840287
141,241,35.98946504915202,29.09456765984476,32.07739192490588,31.13766750518776,14.012234764560214,43.19958902374278
141,251,34.597037356206705,30.634824436476553,32.82523257310081,29.064971965382806,14.005873420998634,42.09960392737251
141,261,35.6721264832365,27.441086880747157,31.691923538015093,33.90745666053235,14.170925830240094,41.01412917343637
141,271,34.11196208364565,29.80374638203817,32.66145811746603,31.44906959245749,14.023046482568443,40.47410196740455
141,281,35.07406879905007,26.818553634369685,31.452769588206436,31.37723481930175,14.182561554367387,34.71796522300756
141,291,33.322064578387945,30.08911467081582,32.4463362052896,29.49440969118413,14.365508271776886,38.676028638245064
141,301,34.22054780171154,27.276852459774737,31.872428664827673,28.491168518043697,14.305176649999954,38.21938885217784
141,311,33.69084034771897,27.938829201350472,31.808010915138414,26.83897200523246,14.20295304595888,38.06942398978536
141,321,33.082286973924724,28.909613978812427,31.90523533989212,25.771912422321254,14.00670348335685,32.087528414793994
141,331,33.863349559557946,26.344945220026357,31.599485621077,25.273799703755884,14.449761373087947,37.27554016763282
141,341,34.55014570353615,23.885922531534746,31.080023759999964,24.18161055191365,14.321783505134691,37.058860369235724
141,351,32.37470783580187,29.403296610743123,27.92214099027199,23.20609911953022,14.7713781317152,30.77762873369202
141,361,33.098244624247656,27.035252312390977,27.191019237612867,22.16617820957561,14.590224729821994,36.57964201963283
141,371,33.74641711392843,24.751186305144547,30.92094768563355,22.28305934972475,10.981470891694967,35.95311745163768
141,381,34.316267026741855,22.55723849767297,30.180072713489732,21.287148054925687,14.390149899464774,36.20889363154794
141,391,33.49202552470539,24.73881276804172,30.192339422460634,21.003171332248584,14.50437187210608,35.83352187357212
141,401,32.51946921065863,27.336439971064223,25.994798999425285,20.04556766474362,14.136916714515833,35.75300273155727
141,411,33.10990317694074,25.26157552720656,29.631829686715726,19.517095329664688,14.732162551879938,35.48415646382285
141,421,33.639025678659515,23.257111161351514,29.796347690149457,19.529843750390167,14.354946547927,35.15650107975293
141,431,34.1049110902527,21.327227861334265,28.657878327794293,18.760994997265122,14.438571984942506,35.31630414393058
141,441,33.11516463180305,24.41438467890374,28.58160050898072,18.45723567438428,14.709311406305382,34.98269355701802
141,451,31.894904752793185,28.021983733147394,28.71772904928803,17.980313735407464,15.392780949363353,34.24565836303557
141,461,32.432839578733336,26.16113724837346,27.482428006436322,17.232711717685163,15.242219888678935,34.64906071222067
141,471,32.9246223181907,24.352898426012523,27.65757383156896,17.18679187093965,14.831147971101657,34.42922538252522
141,481,33.368841990333884,22.600241354637543,27.891610251175592,17.126289624168717,14.380506145950925,34.25752470324382
141,491,33.76424453118777,20.90594945693481,27.15384265179092,16.895893159569617,14.483758375271446,34.17389034498122
151,1,11.904108631348137,87.95593132215399,19.654500087252412,78.86884077789956,9.032119651396629,86.83677145636224
151,11,45.422437298022764,54.47943176974193,48.56147092911594,51.281656239343974,10.64164491321953,83.9496647396963
151,21,48.54362800735907,51.17483178269566,49.8620167559323,46.80389578172215,4.3418728648622125,93.70029790642651
151,31,48.80821223356319,50.9338474381086,50.547449483165664,48.83904331879425,2.2121824565179136,96.3647599709512
151,41,48.73972538511869,50.71754573078381,50.2977587738591,48.723379140175744,1.394866541682286,96.98492873426667
151,51,48.63867216954349,50.30258544531664,49.72558045181726,48.69258920433534,0.5785738898356682,96.61161826125635
151,61,48.529071213032886,48.95856549857992,48.346301024075345,49.714041889189424,1.0923238658494083,94.81748926850582
151,71,47.725095853992066,50.2756063945884,49.18488331584523,48.067076060541424,1.5028594688967871,94.12700542686859
151,81,48.561256092717144,50.244937891656726,49.226650014224944,48.09003477242156,1.3270603140008508,95.40000453824565
151,91,46.73957290476871,52.32103840882123,50.78769291914459,45.54913559250335,1.1825885554253888,94.8138153892844
151,101,47.08778682806914,51.1643346319399,48.837832590580945,45.50455941295952,1.540596680855399,92.0616637157289
151,111,45.899762733822485,50.6059403605552,47.673347362188686,44.938568792172674,2.6848151270777865,88.07362455671371
151,121,43.37689871379147,50.43184769291567,47.35079309571987,44.31115614754973,4.480434983570196,84.12684962924659
151,131,42.50195252869701,48.70033479916775,45.94326438385595,45.49294252734499,6.085673094294599,79.86805632952284
151,141,40.8932304539205,47.414554239520676,44.98860617681657,46.359494474392456,7.759176146607251,76.16504082090862
151,151,41.51599559084062,44.522946382589986,42.48310432912821,48.648752378805554,9.1763299681578,72.5580126356007
151,161,40.27997474666519,43.09295522725438,41.28750953629814,49.53928549541578,11.09567613774869,68.15359738143007
151,171,38.66944773724146,42.19254909958737,40.39304293294703,49.73876760651888,12.917850569305923,63.875688178032576
151,181,38.1917065906109,40.534657084291204,38.535887544899595,50.17812074170589,14.068963170224727,59.61670784124007
151,191,37.46632181674413,39.30298693136744,37.08199394846071,50.1831069038709,15.239929890511133,55.543979414925474
151,201,36.52999289249914,38.53911262769198,35.98705709945351,49.649864564685465,16.16112762269103,51.665921490994506
151,211,38.30813246565239,34.75505995689648,32.579023595350165,50.46198443259671,16.352452570554604,48.04134461898252
151,221,37.048774868447126,34.64163050946471,32.032850879702586,49.31988382163891,17.178506397379223,44.96531023881699
151,231,35.64623813128247,35.10226939278936,32.01460908900677,47.26853593124936,17.63437174915599,42.082880090108794
151,241,37.0281710783596,31.71947189148792,29.4120721037592,47.11207729498374,14.690699100435408,39.82193034860303
151,251,35.4155193857563,32.92584471595655,29.827520370757103,44.90313094137251,14.77224334270204,38.213951480100185
151,261,36.60082381804134,29.77802051235464,25.056264300266808,44.679326549332565,15.014907807797941,36.10908550386675
151,271,34.81231135475274,31.797455963823396,25.83730926366033,42.03188423699583,14.850712794991916,35.42505396567641
151,281,35.86063035582119,28.84714369974164,24.202244596017305,42.07213045259965,14.807062974957866,34.09863816899991
151,291,33.887810210333704,31.777083162414556,25.370862236424912,39.77511915334142,15.503729568366131,32.720787132757515
151,301,34.85070777780667,28.992663931369854,23.32860966419485,38.98541203718624,15.14795958342,32.12572686419865
151,311,34.24281623214307,29.500577717743404,25.821914285991056,36.950676277757346,14.28791948693006,32.68371909820961
151,321,33.55796432110085,30.320395890648697,8.467221235101013,35.516715284916,14.469548524783374,29.955879382274986
151,331,34.387236239587914,27.774022626605273,24.943181574277123,35.14185596545343,14.425105809083988,29.594687523874814
151,341,35.124534826926414,25.32815692768176,23.828193391630894,33.98155422006369,13.994967609584608,29.71273796675599
151,351,32.74291805958013,30.542398471042354,8.107398854354647,32.14753928057099,14.201645648894267,29.616706374322277
151,361,33.50033836041315,28.187793123163196,7.822984098800179,31.052923784767668,13.54840855515661,28.002779564722474
151,371,34.183844865597784,25.913707255769218,24.188271672595953,31.046175760617402,13.68457989203285,27.03977215530728
151,381,34.790402636969155,23.72625398603902,23.800366592679598,29.898071566588463,13.07351800476001,27.48103306739798
151,391,33.87714474895962,25.773237103172985,8.082112037830365,28.93073983613521,12.68780273390747,27.93957481644407
151,401,32.82553144033476,28.24155341750702,8.231956192908942,26.33318372288433,13.22425291770369,27.20527051058765
151,411,33.43995164756982,26.173399759119487,7.9623054335904495,25.833043300938606,12.898390334610626,27.47020204421936
151,421,33.993878055644004,24.173416111217648,7.842256773226818,25.667077593914968,12.367089168401298,26.895641296365547
151,431,34.485333934506976,22.245785689084162,23.15425297626128,24.840612736301125,15.336348891598428,27.323986093511326
151,441,33.410585808513744,25.214371917469208,7.5577453033003925,23.829776179420794,11.875860817159998,27.96246060790322
151,451,32.118032538416074,28.707851314825128,7.668976555104468,21.419531516429107,12.320508146592568,15.201449600855966
151,461,32.671414409833524,26.851511440330363,7.270773228703294,22.279645844299825,11.74175738451634,15.483389994710366
151,471,33.17910597903004,25.046442328889878,7.212627209130167,22.029067028626805,11.616219322401376,15.358511535255232
151,481,33.639669295636295,23.29561897998966,7.173670903760583,21.762760066005395,11.484738239583669,15.274474260692422
151,491,34.05182083468935,21.601832376067787,5.913773293759182,21.35147619039373,13.478934794372973,27.72437228176049
161,1,11.334768369163426,88.51448628866247,19.68401824053187,80.0325521764941,8.57134064069295,87.42047539902191
161,11,44.89635543704136,55.008500556613114,45.04863970130544,51.834740863600445,10.054897259557464,82.86200581873915
161,21,48.39512935932682,51.44767743696151,49.5284677710078,49.199808962898686,3.7881946012388084,93.19387824592611
161,31,48.82162924790174,50.757780962967445,49.87188546678928,49.066374834881785,2.12359636505307,95.74200166952495
161,41,48.77821969062539,50.29269963075138,50.00039691058501,49.18053665416397,1.3295146059415444,96.38923883123121
161,51,48.904344650859656,50.780063914492345,50.3549850843922,48.540672741819954,0.39314134297842496,97.66888610000517
161,61,48.68427613568887,49.74796962443486,49.18400507054805,49.209463154346125,0.9296598238016601,96.04240446015247
161,71,47.894877440380945,49.57334003610288,48.80924234788032,49.20329247943404,2.0718478839995957,93.42510879988956
161,81,48.992693937388175,48.85007474859376,47.79703058239171,49.57544458536617,2.265615393067338,93.60897274302556
161,91,47.57798198773669,51.277897358454915,50.201314372883424,47.193711724564736,1.2871292198094,95.52764906442991
161,101,48.28576980074532,50.8078263767145,49.474613028079524,47.20114574870726,0.9457238973461035,95.51558239900469
161,111,47.38192214622829,51.25795892101404,49.19023416489673,45.822738347832185,1.6639339810539406,93.01934476173285
161,121,44.96994657156279,52.17456902751619,49.36333094990002,43.88443892172486,3.234493499497034,89.27411542835473
161,131,44.1878213560553,51.097195411688645,47.96109939657471,44.096729469428745,4.628377701200198,85.08628430315267
161,141,42.54671394511642,50.33644521553893,47.182762371083435,44.29113680152684,5.835807082968552,81.47848270213166
161,151,43.29948883070788,47.68915432437081,44.842795790504766,46.40540585055092,6.007241652318793,79.05951001871375
161,161,41.97807282465331,46.47785774528992,43.9677195198876,47.377522725941844,6.669398042895719,76.60404671510929
161,171,40.200867373641536,45.65053335319568,43.390982215672736,48.00200793977773,7.629875287236805,74.2955818685857
161,181,39.66707121983476,43.995927904948395,41.96923014952261,49.19790443094044,8.360901563068566,71.86577798724392
161,191,38.841940502104684,42.69489614230143,40.664642366456114,49.28222189635118,9.01905967064555,69.90913680227916
161,201,37.770156426508095,41.78989271240477,39.65569394707224,49.479107979173484,9.835707922109963,67.47033095874654
161,211,39.76855526953601,38.10787880523762,36.243047214225555,34.263304889689906,9.864802021970975,65.45511750309572
161,221,38.310545422558725,37.78304987051512,35.60108591672352,33.85828939254309,10.666246128863357,63.2716078366572
161,231,36.697523363445754,37.97230839719224,35.470382637638934,40.35616083203092,11.179934438940414,60.99928990333222
161,241,38.23831343380986,34.665382355742416,32.60206230187553,41.13831799158548,11.072806608807294,58.28749436354877
161,251,36.380206924514894,35.55062101654825,32.94152550162542,46.266564807878844,11.349652272210307,56.616296131831234
161,261,37.697417589330065,32.46180872743704,30.399128666107107,13.451120338465971,11.717444737665579,44.60296507165688
161,271,35.64718870895912,34.12543604064745,31.286143692347036,18.763760787111867,11.731170053960346,53.01300253661556
161,281,36.79989710050881,31.222107637644132,28.988417190656445,12.957427297811805,12.05637434108915,41.74270033870773
161,291,34.568512585631126,33.77763037085762,30.301680949351596,17.80420953011595,12.800885754467082,39.92006281524892
161,301,35.61004213393909,31.031639272806665,28.474224028139055,17.62858795975117,12.786966038410371,38.3426674264001
161,311,34.91015316475619,31.36723343564195,28.498864254732613,11.85372412468189,12.2054550438999,32.06080801704374
161,321,34.13524268039823,32.01447268652945,28.61032237521065,38.619849616133074,12.91910924077384,42.08531769278993
161,331,35.023816256768356,29.494457371983362,27.203011231247675,38.432822223463354,13.051822021780007,36.45179872356042
161,341,35.82343458281146,27.069001074649762,26.012453047506835,32.84472005395262,12.823400701899182,13.918025898400069
161,351,33.192768212956366,31.921949569739176,27.985535704942734,35.31946672894895,12.938995765700556,13.907833299310521
161,361,33.99201984638511,29.586762456281978,26.497365313560177,34.14158768683359,12.492328754153021,14.022744984125998
161,371,34.71926261559102,27.32806792662335,25.700266285625855,31.848130916531524,13.57769267111529,13.52825676084976
161,381,35.371384678758815,25.151917178385624,24.729100966902294,30.59578121711166,13.145799415518105,13.156893941166247
161,391,34.34951811882762,27.035992131827474,25.482617954805793,29.803214680679808,13.207398088737662,12.89334326461795
161,401,33.20193538090928,29.34667145577672,26.03774533151334,32.1452249960529,13.196037075837502,12.7856426687151
161,411,33.846098550124786,27.28884953153666,18.85400752540285,27.737173191211976,12.970297625447943,12.968593869835999
161,421,34.43084891103258,25.296564848097745,18.606498515912687,27.786525847682793,13.864096106494179,12.475529732701393
161,431,34.95415564468847,23.373987349009028,17.669454574844305,26.494681808608235,13.3291414627703,12.201006083612485
161,441,33.774769105741164,26.195872200559027,18.293116857293484,25.652631582119234,12.975704792582421,12.038977047746604
161,451,32.39395689345707,29.548129375719554,18.915741610157294,28.089687496586656,12.886036376047686,11.862093751187244
161,461,32.96649597683996,27.69855409526807,17.786175931217016,23.679785981993653,12.312999719656936,26.25899153365136
161,471,33.493947441399044,25.898661351354214,17.809140145129202,23.5933911279378,12.950436744469418,24.865767365815326
161,481,33.97484393526747,24.151420472574596,15.43720658795656,23.48755657621946,13.608104536837823,23.492122885880693
161,491,34.40786955743799,22.45962436762218,14.984364586124856,20.251353409030674,13.005514322046313,24.91781883549054
171,1,10.810818396329095,89.02787119641074,18.7873485059994,81.07046000297248,7.312097516532353,87.84351927727914
171,11,44.348965831431016,55.562753768633044,47.54111616712567,52.22425174463123,8.489681357669863,82.99039934913272
171,21,48.235361152708045,51.51264731449676,49.787226621235334,47.07267286940341,3.6341387963492107,92.09396480593794
171,31,48.7676098350958,50.88821424180713,50.411740194669505,48.78883740474118,1.9125724225707483,95.69095001940853
171,41,48.80160797570784,50.805062250885435,50.39872799925177,48.7536918191262,1.2673860999427484,96.83536520518008
171,51,49.054639010435494,50.238109100010576,49.86205749298788,49.253840950781694,1.002532499006519,96.95152972105015
171,61,48.93138393607022,50.577660812423375,50.0627326028428,48.697232264342546,0.7820217267247473,97.25704947553896
171,71,48.01671215868794,50.05336588400432,49.4884410402911,48.86463881701837,0.660161879527531,95.92658551814702
171,81,49.1491391912701,48.24998693816278,47.472477399287534,50.231116419213606,0.6083566373870076,94.78425138512173
171,91,47.98167712058674,49.97893997525391,48.86443379463311,48.536932152168355,1.100780204193591,94.74121999213673
171,101,48.98928947573191,49.589668415260675,48.55827701362776,48.90507578452236,1.1152902216372804,95.43827691156798
171,111,48.409531570453005,50.66213368150076,49.43743656306487,47.594529409698524,1.008982039623943,95.52223704960767
171,121,46.23227772846689,52.615023492904655,50.764532365225875,44.99945492116297,0.8170012862596842,94.4276789092273
171,131,45.625082266849944,52.298717179466294,49.752828836574196,44.39359868157658,1.2419348402905186,91.67649523872672
171,141,44.0486922502782,52.27608515895766,49.242934331129916,43.6104620806201,1.8673525283390793,89.09363132306424
171,151,44.96566062361134,49.976991656834805,46.84266333134107,45.12714579015562,2.7138279776779055,86.20328185855684
171,161,43.62817613057792,49.19988690181007,46.14651776775634,45.47904119818785,4.346580457696479,82.63414027754307
171,171,41.74141445397013,48.67649719164595,45.83322191461221,45.716421995592746,6.302548345999133,79.39123306751344
171,181,41.18310531535408,47.16898660952653,44.66078373986185,46.96180737094303,7.687363357287907,76.01114287625272
171,191,40.28387751847995,45.93822137975135,43.59384281781173,47.897777604842915,9.163539322237062,73.21161820119872
171,201,39.09474002069906,45.01952803918227,42.77707902893104,48.53342948201694,10.518535773940727,70.00887832284526
171,211,41.328110002822875,41.43504725502598,39.49682779111027,51.15788393846511,11.165494851119636,66.8165957227512
171,221,39.68257061676147,41.013177564604206,38.95363868891369,51.13020526591265,12.74219605975388,63.60015898517618
171,231,37.86160677676979,41.01783319695608,38.84634045571168,50.563908684300785,14.434926488907482,59.948736219773345
171,241,39.57822345414415,37.793118785666,35.88832396763091,52.029494988183615,15.360695782318837,56.531643366170755
171,251,37.469530460021325,38.41621486551892,36.18700597582498,50.77436840092891,16.880692238836925,53.46434354493289
171,261,38.93590723445005,35.39513989149532,33.4385105849187,51.76896016285436,17.82275542635808,50.37253985172852
171,271,36.612371734532914,36.730717411473925,34.30190900102763,49.73695932254979,12.478404860000804,47.776773434525595
171,281,37.886503610415076,33.88407424105282,31.727300482033638,50.69734593058458,12.737700902245624,45.471913800872954
171,291,35.37989315604206,36.06260548937127,33.043241757387335,48.50536513918617,20.739657030605304,42.952709779413574
171,301,36.51661238504358,33.36458013198287,30.90085705850844,48.53582192086303,13.946324254650538,40.78795197179438
171,311,35.71396930206362,33.524278652210995,30.88195672578591,46.684517566069125,13.950888836113062,39.50206416994936
171,321,34.85414402967701,33.98333002068939,30.926177456073216,45.3559318383214,14.503668162986536,37.06567141205529
171,331,35.819093413601095,31.497442888433657,29.088300213369138,45.48109227031685,14.46147462690566,35.80130919789421
171,341,36.69943735769451,29.099299936687338,24.7430295770772,44.4437579844101,14.111286082608906,34.51440261874567
171,351,33.78730725232753,33.54525749358214,26.772998186204827,42.136633062194846,14.642847893256825,33.404333525573854
171,361,34.645318485233354,31.235488698659125,25.452991343238356,34.607672088445646,12.946193266565723,32.81806807864498
171,371,35.434597695576045,28.997541743935507,24.267030403610967,41.55560408954408,13.102263710556471,31.05670828197055
171,381,36.151996416662776,26.837362002334288,26.109954118217217,33.57624018207178,12.307297648600759,30.577682321634697
171,391,34.99692313780432,28.538020890049587,26.805905654168466,39.0185241670793,12.366603228766767,30.135597720233076
171,401,33.74621634014987,30.660521830818592,24.720399498401697,36.95455412969154,12.646117383139108,28.745612707206263
171,411,34.43823025647101,28.61663488138967,26.497592262232317,36.32461964621311,11.964868666565856,28.807013858930365
171,421,35.073311294388205,26.635166918991477,25.807138662954475,36.59023825631822,11.968854303092744,27.495669378083083
171,431,35.64942176594599,24.72025242272563,24.94645436030177,34.748519710516064,16.885433988748403,27.58213405075986
171,441,34.33013802659627,27.372295228241285,25.952157906202718,33.66313951860952,16.82212027999572,25.822256171632603
171,451,32.83826383393168,30.552694705624234,27.013396130421263,27.362953587713214,11.510080812185315,24.769661585466732
171,461,33.446869936663695,28.712107784999052,25.920782597516673,30.859209237746327,16.06263335772599,25.328528861785994
171,471,34.01225092010577,26.919298185205083,25.689468477411282,28.96465937129637,15.84452400570446,24.44648142340053
171,481,34.532958866024074,25.17721815591596,25.520145080763413,29.010650105694697,15.66048541786958,23.613576565649772
171,491,35.00769206419878,23.488652212653673,24.895394430870223,28.16440471944524,14.997992372615618,24.166029210154655
181,1,10.315731223067813,89.50044708858408,17.493665021859396,82.00167536567811,6.5327680404728845,88.13797980277963
181,11,43.785411639976275,56.14945103624779,47.12583546828022,52.589119396835606,4.821277638437616,77.14173645330743
181,21,48.06130780997895,51.7970695446328,50.29613376801028,49.209678356302405,2.076627019776184,90.09940777541664
181,31,48.7304337569439,51.06872301674338,50.48332702824223,48.845022626964926,1.0575021806734106,94.9130895057681
181,41,48.849805438878185,50.889129390311496,50.388196119522156,48.77800728913417,0.7932363158583174,96.39815814781498
181,51,49.07818234005582,50.02256560646813,49.570863774746584,49.4430992110595,1.4439965859144488,96.06326340680867
181,61,49.14493080833736,50.44294532099379,49.974834228817684,49.018478169642115,0.29343071162258416,97.57982664968775
181,71,48.21914278113918,50.96363465956117,50.3173070311151,48.147685122317135,0.5512466829258539,96.97214398889311
181,81,49.27502513461757,48.72818880367855,48.26870934165895,50.20528840911682,0.40662084549277133,95.81879698102743
181,91,48.14291059823794,49.316392211068646,48.528037548545,49.35056685129141,1.0948146905378038,94.32993161952147
181,101,49.317705206080745,48.3976447111475,47.37070027704207,49.98799454868167,1.5222326152795354,94.05522511925054
181,111,49.00080455526938,49.44092126561175,48.33848568471532,49.03360000437887,1.4319248105150915,94.99188331784096
181,121,47.09680588724498,51.99946040021805,50.805678185152736,46.41856573125422,1.0535077054695556,95.5687918202504
181,131,46.70444368913615,52.337364140914325,50.66380334181304,45.56950622780146,1.1522992972003063,94.690729209742
181,141,45.269683614345965,53.10968153316301,50.80238092056837,44.08400283776246,1.4176136484605633,93.12548864100206
181,151,46.36627216180365,51.20697472622883,48.43571563996119,45.08839229111505,1.8608443419307088,90.92547235028519
181,161,45.08610674867597,51.025161084175785,47.88859360909696,44.58935184137929,3.1467723666492984,87.77983039635757
181,171,43.17311477644517,51.00971108541557,47.801277495977565,44.150276459089646,4.711646250405123,84.82732607040796
181,181,42.63788209956973,49.788463009609536,46.720773497917676,45.03679699904154,6.106151674100314,81.48764140653036
181,191,41.71345149014648,48.7758759016194,45.91273058756783,45.76318470501836,7.310443295017654,79.24570933052605
181,201,40.462576965947314,47.99224971827592,45.31980620255527,46.36995909330855,8.552270355315557,76.25879477505407
181,211,42.936090537351454,44.48790761491102,42.16402369839517,49.370761571533336,8.767734921694103,73.54110988554028
181,221,41.14550919557294,44.11765117401884,41.82707827274368,49.520750236371725,10.091827647726243,70.53717714314351
181,231,39.142618314109114,44.068280052468154,41.7854941848823,49.42390781548611,10.691946612883434,67.36478627038393
181,241,41.05363087203845,40.92333737756333,38.84704439460711,51.54708745720886,10.949588799651368,64.16293950305129
181,251,38.702456027286786,41.39388074924374,39.11019631054424,50.75839931124514,12.208853447102141,60.96913332123882
181,261,40.339562202235626,38.44359220182479,36.28786858466327,52.30227984465373,12.593114904297048,58.400841912856194
181,271,37.726907912242154,39.53023957148282,37.02294462968534,50.772348004245146,13.72881737870599,55.52965621095935
181,281,39.143041131188674,36.74738283472765,34.29955033913991,52.063380122288905,13.813204689408115,53.54960493686431
181,291,36.32198307452308,38.59149841922527,35.518986291267794,50.13604551483428,15.185306812009012,51.00054007535885
181,301,37.56964726751182,35.95102413881274,33.12974929725071,50.67779308828362,15.4338151917144,48.642941417963314
181,311,36.66135219674087,35.94067734891275,32.524556086190294,49.26896909807995,15.49198777718177,47.47352302448056
181,321,35.674470738926786,36.22132224286311,32.40909790570797,48.129454668854635,16.26545309981217,44.91551674597166
181,331,36.72484420919812,33.77946497040728,30.366036683870632,48.51346831624758,16.35069338870876,43.20560746889648
181,341,37.695436036987054,31.41794710278914,19.52987232118295,47.81613635981883,15.915386551505229,41.98721622608973
181,351,34.43326106259965,35.42998920810753,30.940116721842276,45.35538613200228,16.692875082039542,40.70949919869141
181,361,35.350819694206606,33.15472281514128,20.111384347146096,44.543582035631744,16.098673897039976,39.64589276094053
181,371,36.202518226607836,30.946225461407188,18.945316502825197,45.205040009007035,16.496946043749723,37.606836385389705
181,381,36.985135300102975,28.810286276840714,18.116349293290888,43.88105205742962,15.4960251839247,37.08429796212448
181,391,35.68182246421363,30.298434428114284,18.52387386746748,42.89230341426954,15.740662887049448,36.4763937921796
181,401,34.27910602464179,32.215830893050025,19.268314697013235,40.78203068647676,16.012785518721127,35.01806724709088
181,411,35.01100811862901,30.1928280808968,18.380317644057236,40.243697171039976,15.246055037602948,34.37943979497874
181,421,35.68730688778538,28.228861960152102,24.481535782947116,40.575276706789616,15.570130378564857,31.63294318302264
181,431,36.30589020006648,26.32800752055793,24.602335189232647,38.81684859262107,9.584262821777843,31.39273252917047
181,441,34.840349338802575,28.77098436736266,24.392763995616644,37.66568113968655,9.578674555712867,31.405166677159794
181,451,33.21332695062709,31.754290058388467,25.510238259314406,36.323876408459846,15.753532103580778,30.188708039554847
181,461,33.84429896548994,29.927467817581423,24.28694270977297,34.698834915908314,9.085893395453509,23.62384743447566
181,471,34.43242499034892,28.146361174633938,23.736954624344694,34.7911231003838,9.180008397234293,22.533921201177655
181,481,34.97619658365183,26.41389807891037,23.894712382065478,34.85605047560346,9.288053842230026,21.485084172717293
181,491,35.4742483596301,24.732847873246246,23.133156775144755,33.92923139260905,8.751523020532453,22.36583258493238
191,1,9.866654998268803,89.93623854670848,16.65995487996023,82.8433156400963,5.887227747619376,88.51073256334632
191,11,43.207628244217574,56.74077135277308,46.27825168172613,53.44768820318584,5.034448124964587,75.47786639609699
191,21,47.84641371209846,52.00722947584266,47.72575716110264,49.81690838265607,2.2899627093468276,89.55561095997243
191,31,48.65558952948862,51.05396654014503,50.11640655384825,48.93066526807284,2.2385487088735405,94.12372507653745
191,41,48.83765066841963,50.65521519698343,50.43017089163268,48.535452895941894,1.4932376434630255,95.77601708036201
191,51,49.11181199566445,50.52357852810363,49.995264052872166,49.328983862010446,0.9363875650481928,96.96633074893273
191,61,49.23049146490626,49.889395693385374,49.35271377487918,49.788466746830075,1.1133177136496653,96.52135094961166
191,71,48.44009593198736,51.250858960710296,50.85941481179815,48.12892264040259,0.6700429244627036,97.59803692216342
191,81,49.47465027001523,49.61185109729184,49.29141563528098,49.27081980174471,0.7802336587283899,96.62243398921541
191,91,48.261587563861724,49.614321363406525,49.32981896455784,49.162906368951575,1.733777948768981,94.59502745329927
191,101,49.468516208954526,47.9412204259657,47.36737363466981,50.45895612770316,1.841546292857041,93.70465846302993
191,111,49.284522149410584,48.36712338204583,47.57021052725288,49.894520106743485,1.3184520556484667,94.41378317680179
191,121,47.600171944641296,50.86860936545568,49.95823219169296,47.56080422828905,0.6762456797347375,95.58126262691144
191,131,47.41528882143749,51.526699730056805,50.49051709565754,46.84975489295298,0.4818191791477306,96.1163084083876
191,141,46.16952920301331,52.92635358510351,51.44085293469611,45.144432190892566,0.6808172566475832,95.39801421030508
191,151,47.44964565841898,51.37821740016793,49.410152559348624,46.03261666488645,0.761718204254244,94.24142253432044
191,161,46.29749852968172,51.842580553133466,49.26123151288708,44.9502107352359,1.2424500844738915,92.34289169225886
191,171,44.44060085861801,52.47210846014183,49.447030152944876,43.807896007086754,1.6909668215880327,90.55508806626716
191,181,43.97607242897557,51.64782787092717,48.47480994715735,44.145165497447145,2.0597765589185912,88.4121480137129
191,191,43.087382049847115,50.986262688569596,47.837202370868475,44.3886935943134,1.6840191016090418,87.18127093715208
191,201,41.80003366677359,50.4844528597795,47.41274008434717,44.59612720516042,2.1261687405977843,84.89616434555299
191,211,44.50740305402385,47.0331259528421,44.24850339927613,47.552684562673186,2.142385279478046,83.5355377156516
191,221,42.62145758263338,46.87317369755091,44.10283823052764,47.48354131203279,2.7967741718627774,81.5715206023219
191,231,40.47549351820726,46.92330910068247,44.12027827917103,47.37635321154306,3.3789759744560626,79.89820779063707
191,241,42.58806951354446,43.84579369994259,41.139583628166164,49.79023272943555,3.6523205683315205,77.44822913192179
191,251,40.025410307067695,44.30730975684335,41.36601243211539,49.192156310100145,4.659988322289041,75.21865065339867
191,261,41.84504630947127,41.42187191816805,38.48646776065623,51.10916502027544,5.118984426242145,72.95513033982002
191,271,38.96347652583722,42.380645676694186,38.98419741179458,50.01028565240252,6.262099901555147,70.5664308236215
191,281,40.536667274655706,39.660905584172895,36.249238087737034,51.54593247613513,6.730140074691981,68.6748689569325
191,291,37.40910000341803,41.25830937879106,37.32629293035151,49.88934949931736,7.594443593025025,66.97796565047601
191,301,38.78465908451451,38.67869941937143,34.722690010478,51.03716422559989,8.542254955129629,64.0505996930548
191,311,37.77018488087105,38.53313240080195,34.18396449398685,50.35002730911392,9.673479410826399,61.35593778036812
191,321,36.669197498814995,38.654374980510056,33.97498189187141,49.519341785651186,10.372679447524973,59.44753910720388
191,331,37.82384642650046,36.26167112002945,31.718688319690465,50.236286959669485,10.855964866279098,57.662959632729304
191,341,38.90495983616311,33.94113382711628,29.691048294849352,50.32660216573067,11.90827051095912,54.74016290656355
191,351,35.26978841796151,37.531753653045484,32.053275621514935,47.752738109340925,10.739215220845065,54.86302963476464
191,361,36.26615683653019,35.29673178093031,30.11326579324265,47.66394119800133,11.740028066230083,51.80601028157661
191,371,37.20098749624971,33.122814409926775,28.298161556754604,48.30780991366926,13.163542199074316,50.73587514885587
191,381,38.07103433433523,31.015578258631283,26.76388536913194,47.65725288676897,12.961643780252421,48.17845935402062
191,391,36.59821146173863,32.291670648778364,27.289645070015634,46.584157160855014,12.993242843281092,47.829963102551496
191,401,35.03742578735826,33.988233173865076,28.215844701728788,44.63496180637398,13.241281231394202,46.101351856458386
191,411,35.8297234457348,31.990700953575125,26.812576853815457,44.39046902943443,13.470500833797358,45.1714276877015
191,421,36.56919103413356,30.048334176524268,25.50262120578476,44.716215499622216,13.720966449571426,44.35156584703164
191,431,37.25369310467826,28.165113303278194,24.43234582606779,43.416604637882486,14.528666859296022,42.2083574047311
191,441,35.60643175050659,30.38544438565281,25.419197665943333,42.12200030003659,14.242649327292634,42.29903829162937
191,451,33.81954285595125,33.145654081177476,26.789452623154585,40.56952743124835,13.897056262321152,42.57836945390779
191,461,34.49185334402809,31.336089784365136,25.21864089214228,39.30763208567948,14.60832800326105,40.05989738116394
191,471,35.12296007415544,29.569855708090216,24.308281621089428,39.41879539603948,14.61662916905963,39.43203218018327
191,481,35.71134354146584,27.849836212404544,23.47041880219017,39.48615931799794,14.693071341546768,38.711968186508095
191,491,36.25562222991871,26.178766649676778,22.691202845907128,38.672891071019905,15.042998823927048,37.39439759408569
201,1,9.455989198794818,90.33895425842647,15.962976128705774,83.6091779830605,5.498355350444861,88.70731789617882
201,11,42.60148840515279,57.329236342650724,45.411171808603484,54.31885347771811,5.051339070555307,77.50218148632771
201,21,47.645909823775824,52.171254940978905,50.46523334696903,49.29142019144193,4.252134601930121,87.64459370052873
201,31,48.582738558734476,51.267682174887064,50.2964057260389,48.51568356538362,2.6172243503204395,92.95262947170457
201,41,48.81269292163352,50.994814625184425,50.53474352532857,48.66308181873365,1.4282548599782399,95.5252697432705
201,51,49.17029787465546,50.58863719865755,50.00131489023973,49.05774917410499,1.1355627848350567,96.48230243052564
201,61,49.25045057590887,49.97611126340893,49.28252980783554,50.01535973594039,0.9381712207555549,96.5235417987994
201,71,48.58788112898808,50.78987554192524,50.204375023879145,48.869154348246326,0.8920044353227488,96.82609364981698
201,81,49.71162538392938,49.96663238290454,49.69956819135325,49.20231863442777,0.5767689246202629,97.48498101805995
201,91,48.423900201582086,50.43646570275756,50.27834272667357,48.19567470691794,0.44761480801670017,96.57648631937418
201,101,49.57405159961993,48.36886790431913,48.40457593397521,50.04197583242295,1.3172456398651413,94.87813856428158
201,111,49.389381198180786,48.014059802029344,47.844562444268284,50.05998006287048,1.9471042671616547,93.59569588617428
201,121,47.82820210535495,49.87573371469136,49.18160207249612,48.11450881002558,1.8237654581501677,93.44805283563024
201,131,47.81008377496579,50.407042999618135,49.503600641700615,47.62554364044535,1.3202327130309701,94.47963917239403
201,141,46.764877681549834,52.05872192832429,51.000675223390104,46.13963801097307,0.8822099342883934,95.30244564100877
201,151,48.21794896227577,50.71866890190832,49.61023246470468,47.39617396984473,0.6435054130876101,95.70432437283766
201,161,47.242152212006594,51.72131121411868,50.21954299227539,46.20140181369387,0.9434508137254007,94.95553102747198
201,171,45.51044474598488,53.00937150690017,50.875524285485675,44.62055421861895,1.6908238457869347,93.23307410032399
201,181,45.158817206419926,52.63473600487447,49.9227171616028,44.45605592395603,2.519798066519171,90.71306831115305
201,191,44.342241202798036,52.4166642370088,49.29398265530337,44.10557711165638,2.989380173004767,89.08486832511991
201,201,43.07986952811132,52.319468338963524,48.8542420402234,43.650229596021475,4.005339931747484,86.41022631425234
201,211,46.01323225470848,48.88761629844481,45.374984134031024,46.18639643617059,3.3391490660630794,84.97164539200939
201,221,44.08692627043615,49.086801622590045,45.38253969363142,45.51409684461374,4.058717614501313,82.77756141170475
201,231,41.8450467235178,49.39543756573988,45.451697668133356,44.90761199919066,4.346918704430833,81.03306293454641
201,241,44.16512006206495,46.365609428718734,42.412319197820025,47.3011110548697,4.314836536072424,79.0638556190547
201,251,41.43171299225446,46.98143123060651,42.74511520084422,46.53053817467102,5.330113937346984,76.82152307041616
201,261,43.44444098756006,44.148149869938145,39.89969406108934,48.6194749226332,5.123916956268853,75.23075531220289
201,271,40.32373660830106,45.13302026615866,40.43068527602787,47.71051835863025,6.152833429872858,72.94844105566845
201,281,42.06719086714639,42.47012878244747,37.85290805794032,49.30358392305008,5.987041982619168,71.34848968235136
201,291,38.649661065992795,43.95022663691718,38.96533308423674,47.74462249313779,7.245339913230303,69.12016458765672
201,301,40.16708471404624,41.43083416389891,36.22019696182431,49.36930460131821,7.662183108885697,67.15813682611346
201,311,39.057121361562416,41.2029725331047,35.42275438446276,49.515755924308266,8.615417428754943,64.79313701500423
201,321,37.848030444916056,41.20677306817824,35.15341898617438,49.01676580362935,9.367503588676826,62.9359232301353
201,331,39.120891954191336,38.86640356885206,32.85714564107702,50.090376006273594,9.897125097544096,60.84786796464138
201,341,40.32716252601531,36.589481338167516,30.474452201673692,51.21049824687589,10.852324286535955,58.02267829920841
201,351,36.21870936717876,39.810517834789664,32.967189051594474,48.48522781241772,11.184716693348552,57.16508467961442
201,361,37.30367281997437,37.62115275685302,30.641674607774437,49.46602391972142,12.175909138484576,54.561801666738454
201,371,38.33199882504868,35.486761796314156,28.878110028716865,49.98037660935095,12.585517154901197,52.900553710555485
201,381,39.3004329402661,33.41265334181651,26.877574286745027,50.42220503148318,13.439938463509405,50.20603369072988
201,391,37.65394566661226,34.48947815216147,27.498788405351704,49.26092850191178,13.71451278921987,49.3007474043637
201,401,35.927760029779364,35.96579836019482,28.371386779476172,47.770979981509086,14.426738929625142,47.68042936728474
201,411,36.789083576646604,33.99915685346655,26.775258565543535,47.97444701380297,14.44539178010055,46.16122636114673
201,421,37.60070156940015,32.083418313013865,25.288941707797267,48.25349035305935,14.867052218099328,44.577595684188886
201,431,38.360460119106484,30.22242979469476,23.96287125036971,47.88166801291571,15.284357562913328,42.736461205224636
201,441,36.521083370831555,32.21204729999222,24.99408404364755,46.48636831366199,15.230611977860658,42.36852042000919
201,451,34.561083980629235,34.73197339631698,26.571976076304903,44.76835555807201,15.04794531170155,42.16551941029705
201,461,35.28139682990722,32.944339645679385,25.35847408447145,44.27565994065618,15.237633546330537,40.418185247965496
201,471,35.962312643645866,31.19739206296804,24.147664051292388,44.42882946882004,15.626196541832824,39.13533451959982
201,481,36.60229988590586,29.49394967933695,23.007522518722308,44.52451932585415,15.942366784547362,37.823577964549266
201,491,37.199959969927924,27.83669195631701,21.41683746142932,44.06857811689066,15.704729850618888,37.76191320466176
211,1,9.081264477568578,90.71211821162949,15.362011855122965,84.30958068511785,5.180745551240738,88.87545450376652
211,11,42.00488324269037,57.94318775966839,45.00058555550511,54.45172441350786,5.306710924466159,75.67405418148672
211,21,47.43844275860439,52.399971343012574,49.38993738447191,45.170752923419734,2.938635340066933,85.34972738802436
211,31,48.49186772143678,51.296600466962715,50.660210951465665,48.00742225044487,2.4499603424327354,92.4383074595267
211,41,48.79962851787887,50.940069325087535,49.81531990418485,49.24813583729673,2.1030932600772787,94.38577695001186
211,51,49.178608609459474,50.318605588669065,50.64976588028133,48.80234175826254,0.6419739615492419,95.98360558879848
211,61,49.28660593298673,50.44144505440228,49.81964254035997,49.466503630534895,0.7114809672447316,97.02214037210406
211,71,48.635887982708255,50.45006561736779,49.58568215359884,49.562945884976045,1.4319985462914884,95.97676350096182
211,81,49.8530045940976,49.58484117485093,49.02852600289585,49.875222179522254,1.0407943639738857,96.85443966363212
211,91,48.58818672526669,50.9794422795396,50.75966121615145,47.822975771424574,0.3416262206469776,97.59372122649397
211,101,49.7140784221122,49.178309941908324,49.05100912514897,49.08956366169052,0.7151454915539137,96.16380522950772
211,111,49.504509735113416,48.44557787700333,48.512187946357095,49.555553914482374,1.121532533426656,94.80497690274213
211,121,47.9919174657256,49.496428183991064,49.24311235989386,48.3439929483302,1.0205045606266874,94.00212654882392
211,131,48.07837162491923,49.54058722088429,48.77224900547019,48.084586751559634,0.7064700065740739,94.07852268212875
211,141,47.18427645574665,50.99600711834614,49.762880127762614,46.75408322731401,0.43696836129597605,94.4657766913907
211,151,48.775378924126585,49.65005065124421,48.36159141498626,48.0740560254357,0.10324395852414325,95.04841131123091
211,161,47.962823300063754,50.92778987679796,49.46745133046208,46.83362723579721,0.2101425965219636,95.38793261583697
211,171,46.36976658205548,52.72900334434806,50.71942071468789,45.01366885340848,0.32545530157236013,94.90928526095091
211,181,46.14259869224755,52.768907172418245,50.09986513421618,44.66067094782717,0.6225053841583821,93.6923358539871
211,191,45.424956190097625,53.01676144639572,49.7383213470268,43.927661233505106,0.5103159509577363,92.70610467517677
211,201,44.22330549633395,53.39683426105566,49.55083529946402,43.02273260339932,0.7330192221152814,90.90553112933964
211,211,47.3635806581967,49.949127501441446,45.92026962763821,45.52302603937172,0.4824504249035369,89.25043024452138
211,221,45.44770824217617,50.6229491851567,46.32953369779817,44.28166194385382,0.605387000645876,87.63011296234691
211,231,43.12316349303303,51.33305223894886,46.79208040701969,43.21458689209642,1.079232059894105,85.95114018950727
211,241,45.642034447615345,48.326741988481196,43.87780557765718,45.537370651561844,1.272448512604743,83.77819923901988
211,251,42.80015650450752,49.258813075977436,44.6867015216926,44.4190827159391,2.0261888938598407,81.85116792459189
211,261,45.003606472731676,46.46000905679515,42.04076329636225,46.57248312446394,2.285081554621684,80.11941506697482
211,271,41.70780065885962,47.63836044686814,42.92225936663737,45.6191718340389,3.4092185520503486,77.98408291700164
211,281,43.62471446702641,45.02075921193377,40.63168855323901,47.30408380124092,3.8665698725564095,75.86214913226405
211,291,39.97773993748594,46.54038125032264,42.08116867487532,45.70371712252058,4.498253580893123,74.56851115897281
211,301,41.64472778082498,44.07551966562039,39.33674460507771,48.05091770787535,5.264598408601896,72.31090249475076
211,311,40.46897929030887,43.832720563414654,38.377874806724385,49.00902648448075,6.557096668662759,69.73169559482633
211,321,39.184812254282896,43.77986464993589,38.17700467252209,48.80929388843858,7.465003624071885,68.01075955944721
211,331,40.58738057526989,41.491081443338885,35.9197456046437,50.31960342880267,7.781046302556689,65.94792417870883
211,341,41.930855760946535,39.25672550790558,33.088381415460425,52.604649181494146,8.733474027903242,63.01564101075181
211,351,37.56538542194004,42.20192911653278,35.857634439819506,49.69868390414735,9.246467006163133,62.47824593831488
211,361,38.75828140170993,40.06096867354701,33.0247060479167,51.929632577433296,10.334566963672815,59.285589200500986
211,371,39.89966849201947,37.968495529007264,31.46917633498354,52.45584332427414,10.83404082316521,57.89850155437895
211,381,40.986272459291236,35.92951285090269,28.892357224261083,54.196407356738206,12.273419604242122,54.754337209754446
211,391,39.180474203295695,36.83880833883895,29.63861408931894,53.06360663790488,13.295295786575224,53.579338580980526
211,401,37.30064078098343,38.113549317410396,30.336025851844152,51.940011928526864,14.024139944582123,51.967200806340884
211,411,38.25098824299486,36.18178927743918,28.44270459332346,52.81212089229582,14.090276187231115,50.23691707334561
211,421,39.154897377251466,34.29632405213603,27.040466540944557,53.16431395381901,14.978021421647222,48.844249386719675
211,431,40.01018029073597,32.46083704388237,25.13830217694078,53.95395891218211,16.023161832505167,45.875087737129256
211,441,37.975973428677044,34.22725995914473,26.291532524306987,52.43098061216456,16.417577494822126,45.03987871483835
211,451,35.93092367263789,36.5024116707555,28.041647979765866,50.44346954818897,15.862092151023344,45.73130435213008
211,461,36.720759310964155,34.74071310260249,26.415372754070372,50.89553185654513,17.375108859341264,42.313052019259516
211,471,37.47299501368413,33.01680322842097,25.143502553715617,51.15852075537044,17.825909618281095,41.178298901227656
211,481,38.18606692092578,31.333417376820105,23.943731339264378,51.35238239696481,18.609242181950727,39.995335136155546
211,491,38.75656818816516,29.69316083767301,22.84740650583306,51.24705082981984,18.960500837768205,38.443966467503934
221,1,8.739301219926158,91.05857207074379,14.7796285187479,84.95221132144462,4.910912465623552,89.02564766018689
221,11,41.387675411828404,58.549014317706195,33.59326394805086,55.02924244600516,4.846477429702142,74.41000406167483
221,21,47.215218462594606,52.65678489919392,49.76655251288082,50.01903055733069,2.9129486596261405,85.30537222244585
221,31,48.39917041662006,51.454476284050635,50.58061697549176,47.84795070687061,3.090342627764933,91.43302180754014
221,41,48.75845350089069,50.99341116711982,50.28071059977104,49.3200982128249,1.732966116403737,94.62873482912296
221,51,49.162982460300114,50.56881358902494,50.63167438309858,48.89254272748668,0.8914035190824617,96.40355109298088
221,61,49.35856935290376,50.378319161114206,50.064578289635676,49.37274943262357,1.1769001549500953,96.65225434908558
221,71,48.675742923650525,50.742904265840124,50.13966832287689,49.109900884542476,0.8335827586270677,96.92546331990893
221,81,49.976852678988195,49.14416191537156,48.64151040347638,50.440660516772496,0.7721112785932788,96.7048982754115
221,91,48.79732244461653,50.821521132912586,50.51220172255319,48.450663982813495,0.7587691631056558,97.4312327378897
221,101,49.94577595346127,49.64622939270517,49.44423863433539,49.192092207014355,0.27691753946304193,97.65605795386472
221,111,49.720925722215775,49.20974023926409,49.01333273363556,49.37431457539167,0.31561683843895505,96.7398280075896
221,121,48.228168910962964,49.82583075296175,49.643605713750105,48.782883960837694,1.2462356435813768,95.17748913382383
221,131,48.368976763257365,49.30229395985105,48.891916671100546,49.02629060058025,2.009916575672176,93.52724422453235
221,141,47.559842487681934,50.22976052695295,49.31934721783783,47.92163038549375,2.2515162495902663,92.8307025094269
221,151,49.24315778782592,48.67327139460772,47.56220048319152,49.278711121618514,2.125380304500615,92.95547811819202
221,161,48.541158045141636,49.88347665833868,48.76070525329024,48.18012570261654,1.5177754064235442,94.18851292386883
221,171,47.04985738865286,51.91067957563311,50.6333019233069,46.393348849482045,1.1130295750522192,94.99399155863102
221,181,46.92422317867411,52.228509293173296,50.678390400233155,46.05617552390219,1.1795223808084934,95.01434818444345
221,191,46.285861927835086,52.8667443902587,50.94092439261342,45.16298541088567,1.1482983148629897,94.5151915229848
221,201,45.14385164567007,53.71403076319523,51.269419448337295,44.019510640757495,1.8689732020104828,93.05306250199745
221,211,48.45634042081943,50.21855570467718,47.38268409300548,46.9070618167024,1.7796208312631536,91.83717559262597
221,221,46.58501535565843,51.417480485701184,48.186218676331734,45.368833725585525,2.6251102244099322,90.11508739417066
221,231,44.26404982070519,52.62975084136253,48.9706333949449,43.97694778327945,3.376692098122245,88.3933189242695
221,241,46.96395925679677,49.62099470731685,45.88429017212579,46.31403128301455,3.2052768738086024,86.87818265446545
221,251,44.07741590854036,51.00755284428803,47.05923679476759,44.74452662444888,4.204183678416448,84.9108334007076
221,261,46.46122110976671,48.222549663534856,44.38734573392139,46.842996736426294,3.6291303009906053,84.10620740896944
221,271,43.064930303612684,49.7555886457278,45.729200320640054,45.232303462432064,4.548996894902157,82.09343361996197
221,281,45.15205411137724,47.16779312729161,43.43058797433847,46.97397029720744,3.9301619346757555,81.12759163986122
221,291,41.35409097511832,48.894900016672764,45.01522996995527,44.97736302872127,5.353760840217119,79.01261262788967
221,301,43.17347419991292,46.4745341081921,42.557844727323115,47.01913190474203,4.730610604832784,78.08914102172108
221,311,41.9786641988607,46.29526176065453,41.830265226385,47.39969852891884,4.721283665313022,76.64165027544325
221,321,40.65635895309082,46.258208108448926,41.73368867818166,46.91444155980457,5.087746804818784,75.09030490753187
221,331,42.19633855496648,44.01654426740723,39.47474852851908,48.59021252726574,3.277865821928081,73.15178637712141
221,341,43.68486767967107,41.82026112628813,36.67405132742825,50.89646998232079,5.186647624100721,71.17904093452972
221,351,39.049090249113654,44.62136571369291,39.43739720850272,47.545478009577224,3.765770574735636,69.26301425383835
221,361,40.35841448683047,42.5289781356716,36.59855921162981,49.88034201796566,4.091413860567299,67.36751345924671
221,371,41.62161811527334,40.47837149743583,34.93211361321109,50.708273407354376,6.811958672734359,65.9063568219832
221,381,42.83540673597342,38.47421864879333,32.192527023296115,52.91857104344716,7.021294364404283,63.38072545433562
221,391,40.97611923533679,39.26902437070651,32.78633432374421,51.9426568125944,7.630256998584266,62.174009953151476
221,401,39.143862877579814,40.37938533559854,33.48824630562201,50.71214136885004,8.165288104291326,60.586279917163935
221,411,40.07308066402596,38.48542065960912,31.408469895399033,52.09821778113697,8.702529853554065,58.502687768275706
221,421,41.08355390824985,36.632862996895646,29.80809206236331,52.67365309685081,9.59167533842781,56.831777480934996
221,431,42.048671185624755,34.82520245705952,27.649096954353475,54.47532658912938,10.863664102196008,54.26304402379256
221,441,39.86136773806679,36.39535071390454,28.523312819321788,53.360263666192274,11.400531112760175,53.455054331583305
221,451,37.70304158152144,38.43587406525987,30.464577691443168,50.853522774894024,11.357012175952901,52.75338558180403
221,461,38.57672867294405,36.70418433604384,28.70863623121976,52.49340857885301,12.467307458073718,50.8582187874676
221,471,39.41461504770827,35.007163176347106,27.116772782987685,53.01595375326835,11.94461512408371,49.29828112875633
221,481,40.215088613641484,33.34744024690769,25.600557817405395,53.4607135830136,12.516804541003241,47.66382315142046
221,491,40.9766612911684,31.727524276742937,24.249750766621656,54.32190922784225,12.815417720662422,47.24379153664139
231,1,8.458396892157895,91.38092514778205,13.904124295450139,85.54845560453452,4.667633986166213,89.20328729993886
231,11,40.783196895790866,59.16858622622342,42.44468432245139,55.733610662172495,5.578053441543615,73.56190335396494
231,21,46.98275915576542,52.92906936900509,43.770605793601,50.07495682836575,3.1863227750634686,83.31395239069205
231,31,48.29462058478362,51.57033362902944,49.68205365945568,48.75417645534377,1.6181978873047609,91.27737467500562
231,41,48.71562282731345,51.15356359812486,49.5645949152659,49.04128379248666,2.0769478997329203,93.83247993341179
231,51,49.16336981356084,50.66798919374822,50.27293951499029,48.84327988600821,1.2369028854278148,96.20074788970979
231,61,49.43561598124973,50.136769150512784,49.235374097293786,49.92937075811646,1.5519027388970006,95.7303310783393
231,71,48.70949232100224,51.09384513953995,50.62759939745243,48.45943559853883,0.6863570777081541,97.63399262443355
231,81,50.03767506019891,49.279056611053676,49.29435905207174,49.82764938761984,0.3991472587611178,97.59830805259956
231,91,48.986123264554685,50.32773723174857,50.327515863635,48.680306756413,0.6453301894565672,97.42384783169123
231,101,50.16639133038399,49.46243942531769,49.25967264502461,49.6529988760972,0.416063594497794,97.93775406790138
231,111,49.91334546209045,49.68833932268811,49.06255917829485,49.49512390671701,0.2687554424848283,97.54319289925022
231,121,48.39387993900361,50.534387475419486,49.59965492213127,48.76130392730481,1.0175932849368625,96.17013329868522
231,131,48.585051889070826,49.707983030662085,48.755302584059734,49.89927196703249,1.8376291578579322,94.5548009577741
231,141,47.862174228506774,50.06152018751398,49.01473625586368,49.26948453866014,2.3968351080868677,93.4159437109205
231,151,49.622425410567196,48.18416943197417,47.060680043745265,50.69437889035543,2.584132392158097,92.81928372952567
231,161,49.0110684309998,49.02827387263204,47.90336409057297,49.75383027107174,2.2517557446510734,93.44910500695717
231,171,47.59766141288303,50.93632995530606,49.83580931815539,47.90274191325092,1.6471358857319738,94.57757677427642
231,181,47.541870073017925,51.321438935252125,50.187654768303325,47.6928539094371,1.235715905105004,95.74148323092643
231,191,46.96443565342794,52.17919874659292,51.15803436569303,46.62890997036463,0.6483270247872349,96.37868036079885
231,201,45.86957640386588,53.38421409559625,52.24452151460064,45.175162251768285,0.7523349894692906,96.43805812460529
231,211,49.31215462540991,49.817794002058385,48.27236231076428,48.50779741369414,0.5178500008920205,96.27405701034633
231,221,47.47686111342337,51.49961995584725,49.9112400762793,46.3081518356489,0.9128589222965764,95.55612928201387
231,231,45.21912511365371,53.244521024870316,51.506688732897246,44.07905796386157,1.3913874618370041,94.43213189193418
231,241,48.07153746928008,50.20815213249048,48.16588757164009,46.545887551544105,1.1925031761243228,93.26594834698939
231,251,45.18279012501729,52.13921380033043,50.06678203662642,44.06360945788368,2.025385767682706,91.37059473484463
231,261,47.72533646741686,49.3462836483129,47.13889093531209,46.276397498525554,1.4376975650992967,90.40193664628367
231,271,44.300221210744844,51.36781692085145,49.167746828045004,43.811633826758914,2.1936364397186794,88.06298193782042
231,281,46.54417985208359,48.79195118634237,46.559517912363816,45.96890427048482,1.6796303182303531,86.8865819273797
231,291,42.69093022961997,50.885932302290314,48.411292008142524,43.749726606009254,2.7014366423296794,84.7099709512586
231,301,44.65763400354928,48.49655426018097,46.03388717779136,45.41331921113042,1.8614233990908744,83.38233957188065
231,311,43.53122319072321,48.45872028859794,45.998689817567836,45.07353763922627,0.915375553821536,81.80072809032018
231,321,42.23786807081238,48.515920840610974,46.023358318180144,44.60376698385647,1.0320568396016245,80.44907621003975
231,331,43.91874535176979,46.31320499112031,43.67751192851298,46.308593002172564,2.401259128345503,78.42729834546618
231,341,45.55558944284398,44.14716802397336,41.66610315252371,47.71626771668124,1.0074880003420277,76.88930512970019
231,351,40.79282549923467,46.96076608381755,44.03609267772902,45.179300474755884,3.219854260904652,75.05337029267552
231,361,42.2291871262406,44.913700984962155,42.395808363743114,46.32766305040359,3.4439586854185196,73.67894148517743
231,371,43.6247148789082,42.90169772106107,39.936125982073975,48.201710267264424,3.6941609583628696,72.33034277455225
231,381,44.61798238891961,40.92909885187822,38.41266065726837,49.37196769587092,2.3901779472674334,71.12320053133065
231,391,42.65957128028753,41.677436309819065,38.46190257380434,48.91118285468462,4.467114410299194,69.78232661998184
231,401,40.6464697089333,42.67950844425582,39.8591347568717,47.43433073429097,2.9611961937382154,68.86407470632253
231,411,41.80376835497916,40.82390310103307,38.028704534794436,48.69493022172568,3.379525025925439,67.34544866507125
231,421,42.92166645135753,39.00464953729019,35.67092069364309,50.29989323722665,5.728642067174321,65.7882336356943
231,431,43.99789244699905,37.22502781470006,34.747692805184975,51.14768039150307,5.440691824030059,65.07401400158997
231,441,41.72968995431396,38.64415366816911,35.16208278962926,50.34734606440886,6.066015750376827,63.89862267677844
231,451,39.34591702607478,40.47918701305786,36.90881691340318,47.62974065637338,6.5950076329719245,63.61375616053011
231,461,40.30380332223499,38.78031196316135,36.52931480889635,48.12455308646928,7.144287765863178,61.76403141281768
231,471,41.22810423251403,37.11280862101706,34.268597265192895,49.55956380199955,7.643742849327348,60.47143817418685
231,481,42.117171403734986,35.479183484133685,32.06917780258036,50.908872736198354,8.286514002682507,58.98910629680672
231,491,42.96947539899662,33.881830932167226,31.041790462079916,51.71442401039891,8.030730652303376,58.53165866249677
241,1,8.060151273952938,91.68149359177366,12.787411904266902,86.08858188581118,4.4685548362603615,89.36574256932909
241,11,40.16992693311835,59.78658847176354,38.103838601395815,56.25881180987581,5.604070852214201,73.38966212695507
241,21,46.740651977560695,53.19677877052493,45.40345125232425,45.065083132884546,3.2745807592536478,82.6376126000137
241,31,48.17358986611707,51.65610307646866,46.44110714130456,48.3656320952627,3.574287986314786,89.67778143796936
241,41,48.69063442780747,51.112434079981895,47.80510678560971,49.375116022128246,2.3290149621781486,93.16998593838531
241,51,49.196575770087975,50.53038306093005,49.448185856366145,48.72420564240073,1.2820850329116042,96.02003891856025
241,61,49.38895008072759,50.36663829814334,48.751144607376176,49.549914435734664,1.2272262978376258,96.24160989498387
241,71,48.803839495667795,50.93773929387534,49.62888632839094,48.945355645688984,1.008556003026923,96.68970742321467
241,81,50.027749140361756,49.698032229317576,49.13421632323806,49.67014147895472,0.603237040836521,97.7342665647893
241,91,49.126296609944816,50.17075364448211,50.18938553439681,48.748488736697354,0.7653469943192835,97.62119052719939
241,101,50.40895159196368,48.97647936855921,48.879385182447606,49.98837516138455,0.4885206160138547,97.9136471482741
241,111,50.11087345599107,49.57005197762469,49.20719393654661,49.63798392265774,0.37645893729359936,98.38601625811454
241,121,48.47409927152102,51.082701899822716,50.00861435303421,48.38443361878147,0.8140076596990123,97.36666839640264
241,131,48.67405715777954,50.402399339070534,48.89148705310488,49.202779000241506,1.0382722762137218,96.0416909886655
241,141,47.985971390357534,50.46607720997073,49.00047668540681,49.035809527476346,0.9993243514689782,95.37401502816985
241,151,49.82903374892957,48.31419223041029,46.69532535861622,51.05896399225222,1.0199245685587315,94.1461647262179
241,161,49.34694653050931,48.667090119526875,46.62081462130963,50.687671013407474,1.3665978227425337,93.09059238470184
241,171,48.03277764754867,50.17564422178245,48.16496676613872,49.02440539508145,1.567893513667609,92.93683751647754
241,181,48.04196308970209,50.40716152457861,48.42603757390721,48.79598113809346,1.729868726394163,93.51583815327791
241,191,47.50828166781304,51.261565870825734,49.61303019972126,47.618973720900215,1.5161964254805351,94.15002265750914
241,201,46.44705610546097,52.633281145923696,51.11282054767069,46.09695205675987,1.213877527844317,94.88482255297508
241,211,49.97863270568794,48.98639274074008,47.34020005712445,49.85677642315629,1.6322192850469694,94.6747634226844
241,221,48.200279778007115,51.011042952669264,49.55002569333956,47.3708090256683,1.1830686752001403,94.99801921218692
241,231,45.927806424247514,53.229440850147114,51.75846707372082,44.6767878484583,1.0294793594051304,94.69108892560473
241,241,48.89514132699348,50.14421433422677,48.86218636658741,47.248497360472506,1.3708852787634556,93.8520996593349
241,251,45.98817689013859,52.63895702733862,51.444159766672094,44.06876943376222,1.3174792402318676,93.56800039470758
241,261,48.655333103440675,49.817258620527305,48.65507831920539,46.427883018920944,1.2377441166720449,92.86528049351578
241,271,45.21462813528645,52.41512515190283,51.35284422156741,43.28786154901347,1.405210020308223,92.0999972798717
241,281,47.587213148131376,49.83236607844563,48.25186528000504,45.888111716785,1.4376442372844325,90.97509259037454
241,291,43.72660626925872,52.429935763596404,50.28285059191897,43.51922813453775,1.4838976425933792,90.41631939247986
241,301,45.819536789265754,50.055845056426364,48.28798676034467,45.25518365116953,1.802007076512772,89.4212287826285
241,311,44.71697492140947,50.23214306716536,48.902171771436656,44.35267950129771,2.7398079711639283,86.77798068713967
241,321,43.52950040792394,50.46169541431653,48.77870820494261,44.08794161121258,3.500861370420514,85.78132619732004
241,331,45.33742663247832,48.28697977066986,46.7139480222543,46.20201732295978,3.7297576927215865,84.59757888590758
241,341,47.10870088223872,46.14090685996427,46.10815470020479,46.73014857424506,4.158794435499823,82.52573131485883
241,351,42.33427148545796,49.137859154301836,47.425052537711004,45.02336206856085,6.406866213890305,79.99403021811219
241,361,43.89023684202692,47.129869004506794,47.7363292825204,44.63734554499684,6.238779415037964,78.71013178040127
241,371,45.41081114524253,45.15039720789955,44.27756368479816,47.640910246297395,7.248800130167897,77.2990639224596
241,381,46.8926426050796,43.203479170557124,45.11116846029554,46.716934075889036,6.953374891568402,75.65300868370518
241,391,44.98785332301458,43.98497087052441,44.22341041837537,46.78393056615233,9.112839447720344,72.94769095560595
241,401,42.9850467080245,44.9506340570668,46.298201918134254,44.67442843604548,10.066018880695287,71.66165103099111
241,411,44.2685300214155,43.13154530493962,45.8374878040678,45.151217183650935,9.840381808430173,70.60280898237549
241,421,45.51582077021636,41.343682953670566,42.592261079314014,47.74404496040098,11.035752584792286,68.5919490405888
241,431,46.784221393151235,39.59011394633285,44.812003068956166,45.25983875312632,9.53313875936807,68.39648710010756
241,441,44.53800549897611,40.92132841990321,44.69046941239844,44.85173468529301,11.605054956446729,65.84637770974588
241,451,42.1643091268002,42.59929643201273,45.372665000926496,44.289307619359555,13.728492269694936,63.48054100982857
241,461,43.23930269411406,40.934521609738425,48.396896235111484,40.95436666364245,11.314121279382103,65.16559549492976
241,471,44.28224605606355,39.29767211855476,45.519777950695506,43.11140935991184,12.147433175338016,63.30575743808855
241,481,45.291404211687045,37.69111941767141,42.64348110340485,45.22033132244159,13.127972226187095,61.19745346496806
241,491,46.265158379637825,36.117131470680924,42.770522208904524,44.33246654520981,12.212685649536338,61.10586005448639
251,1,7.772724146670844,91.9622954843678,11.628894182245434,86.58922553171466,4.2907998566248535,89.5090232701303
251,11,39.55817187246464,60.403594958934825,33.2137731694947,56.95231394384256,5.7112512672204145,72.77242751913332
251,21,46.49148442907075,53.446830141537674,43.524679213241534,50.24457955924358,3.4556685278047103,81.5659994528698
251,31,48.06300574488374,51.83955656079577,47.437112196770215,48.76766175922358,1.8453036593843402,89.6649832050543
251,41,48.59360941897818,51.29932535351551,48.836246465393316,48.5304865902647,1.9463635081246278,93.25701379471975
251,51,49.11283075395406,50.75094913192088,48.71378114195442,49.38426744339866,0.8860085281268514,95.42780376291164
251,61,49.363525629837426,50.497647953631855,49.39346510987984,49.12544202222749,0.8821515889867108,96.54924394694694
251,71,48.86821744138833,50.74199572566672,49.572611280364455,49.128817967641254,0.9565513887423851,96.83095131997956
251,81,50.08482650206001,49.72658143301615,48.653972773389285,50.06314520289965,0.5462371001971249,97.66753050100463
251,91,49.11536835559396,50.500321628166645,49.69476996355437,49.05765417173183,0.5650743464338921,97.22119157614625
251,101,50.604355384300725,48.79579000649274,48.241253279700906,50.56045087709836,1.0279809812854648,96.67957223791717
251,111,50.419010618825325,49.107961416674286,48.76722885545624,50.128413036651054,0.7457445548599505,97.41745297074367
251,121,48.61019105882017,51.12033899995501,50.77237377421429,48.22655075033584,0.37211336976674836,98.18237169925106
251,131,48.69216640774512,50.90427732213795,50.47432348340459,48.26669013872323,0.7749841671462101,97.71666977681089
251,141,48.00488575711622,51.12774576638195,50.77977756792291,47.96628566906394,1.1337903761826755,96.80159481037202
251,151,49.92253762559632,48.89096430146016,48.43025645615025,50.09422404248623,1.0131816641037021,96.20670702210431
251,161,49.600048114669164,48.872791409739705,48.14324625816306,50.10534951756116,0.7741334277966925,95.56180707714665
251,171,48.47848108785103,49.88092954827905,48.98282686665947,49.09562734111845,0.7926941389202815,94.89789865865777
251,181,48.60315683583955,49.80061685716641,48.73574439689064,49.042582024591226,0.6991137615355401,94.6289060197956
251,191,48.14611043221196,50.44027871159691,49.423015136514664,48.300100211089685,0.6838398773078666,94.74702752841779
251,201,47.110973738586196,51.751635719274304,50.62286148800088,46.91818828850162,0.5168313657837766,95.37669199652863
251,211,50.716300852746045,48.03039736288298,46.86679086063707,50.305500837240125,0.8650994759067872,95.45077938556409
251,221,48.87353065914528,50.1824625449255,48.94629188039344,48.22469942433117,0.6852988632672764,95.86167621165363
251,231,46.58566628587164,52.7214044240324,51.47201668538026,45.65616970489438,0.735040079314674,95.82842576076239
251,241,49.60027222836772,49.573793658827974,48.20630004274633,48.45849479629032,1.0644016375724086,95.13388667390178
251,251,46.653195938964764,52.558359900990816,50.94243234165652,45.29721975492743,0.9218814270788291,94.54775777070236
251,261,49.42139628530214,49.69067886700802,47.88847203193418,47.6784176783313,0.9451427581104562,93.71057461827652
251,271,45.88140681019367,52.87938774702722,50.58041588019626,43.959951934045506,0.9074893638525163,92.36546250493231
251,281,48.360038708749805,50.271758054426606,47.78487211876312,46.114093278209076,0.9743479951905984,91.41324033409958
251,291,44.327921871307076,53.463425073878746,50.41961592646788,42.39866209576175,0.8143857778951303,90.52566632550997
251,301,46.52156685516709,51.08810102882706,47.84546689914721,44.08372403180531,1.0629548221837664,88.91736506711084
251,311,45.461816130219546,51.537255290359965,48.12547934748359,42.883526571361195,1.3982134754066864,86.51869884316005
251,321,44.27070858752139,52.00800404473631,48.24038594805338,41.993325266333,1.6992530599095883,85.58914354500992
251,331,46.181262802709746,49.848739778464186,46.07516988398789,43.84181405162586,1.786755947599073,84.10191742142487
251,341,48.06295623701454,47.711063770981866,44.3208911783609,45.646684836753785,2.2793646300505537,81.906184535342
251,351,43.080062648382096,51.05961256294626,47.072327999872684,42.32850515457402,2.9173984699077633,80.77393051862306
251,361,44.7297284966058,49.08232187889874,45.727754686685834,44.29431547426031,3.363296868885526,78.65933032236907
251,371,46.35062343530606,47.12741680302541,43.51500761852923,45.9768549375074,3.686647136936215,77.96112447867797
251,381,47.939473933794396,45.19866575382767,42.46350537749786,47.890237966819086,4.550797757875995,75.60781934536466
251,391,46.10990421229519,46.097483029279296,42.9319444391987,47.372872337358174,5.776236788288296,74.77220768664728
251,401,44.16842834756529,47.10694019915522,44.2103957529245,46.92271206234728,7.007898749100567,73.24643476952664
251,411,45.5510542787245,45.320590405862596,42.92714338631999,48.415524299469666,7.2499611333542395,71.30129003069136
251,421,46.90253863596059,43.56042386026361,40.940651127042884,49.936152602083816,7.802792421196545,70.2526349447203
251,431,48.22056056626418,41.82930332865655,40.36429384722325,51.206551624525495,8.493007915029189,67.7034488847641
251,441,46.05604521020211,43.14864150865378,41.562414920700164,50.409800200365886,10.440361865477527,67.04313332508113
251,451,43.737355837463,44.73226288473751,42.74829922781551,49.57083460601985,11.391122660259894,66.0512989910861
251,461,44.90860808548359,43.10145673150475,42.09006690678307,49.942545712488304,12.177340775283426,63.391993387950976
251,471,46.05133295369788,41.49505374992082,40.48313857567114,51.243195992835766,12.758907644080717,62.38655350740541
251,481,47.16379210942691,39.91528451994404,38.823425198686515,52.72496563140565,13.410521126968906,61.203547388539526
251,491,48.24435610843702,38.36428463337966,37.68189054359088,53.08241793226352,14.724315347949238,59.563717963606024
261,1,7.507957193670357,92.22511229156729,10.608728355237425,87.06119441674927,4.136242481624048,89.62942182822275
261,11,38.94730722435086,61.01867697616026,32.658988163042025,57.55162797151482,5.730614130871359,72.4578606592737
261,21,46.23823115345604,53.70335191686605,42.97812706312792,50.51869652424107,3.4164336791920142,82.36197139822228
261,31,47.95670042694572,51.92644349677587,46.694060109579446,48.415460123380974,3.362217004369856,88.76780146875221
261,41,48.57077057860353,51.27938525938269,48.2499284297629,48.16011929964474,2.0735972239728535,92.73183874745345
261,51,49.11670372988024,50.73210982169461,48.158016173170104,49.02618897117993,2.0294802937509386,95.01684152699494
261,61,49.43256563721533,50.3393854233812,49.05884331768946,49.050059951622835,1.093226356143384,95.57201661566884
261,71,48.81716889633795,50.9747283387033,49.25771592941235,49.17729961712631,0.8264371886430182,97.18420745187763
261,81,50.2348221721443,49.46879387456588,48.167684481753724,50.46932823263738,1.3007119393896018,97.06076884599322
261,91,48.95700453142678,50.82216552597235,50.07364208949727,48.635793154550086,0.5046527723367121,97.86838040225457
261,101,50.48815426844423,49.11905206033563,48.82417890428174,49.930809513530775,0.5323440616937053,97.21641037172152
261,111,50.56447759503645,48.88396745589092,48.50238254520366,50.1046378500301,0.5400359174904578,96.72209538376458
261,121,48.75218122199073,50.786658980756705,50.344384859244705,48.1861406329401,0.3997692570134668,97.03069987498529
261,131,48.625023439537024,50.97300633509997,50.14147045661764,48.18613832323406,0.38222789038577965,97.3331099684301
261,141,47.83822361594019,51.676680639575345,50.5429249144321,47.652986442544076,0.47864267072169514,97.11556516646968
261,151,49.726886310077674,49.59095344685386,48.34357954041273,49.740884898704316,0.4051732709486734,96.81944614109644
261,161,49.539816335896056,49.523832764446176,48.21441953425053,49.691514907232644,0.5499296893605468,95.97535864656328
261,171,48.59836729608046,50.18258719179764,48.71692606357632,48.93750372475983,1.0538747102038872,95.02039556153224
261,181,48.88298515452145,49.778635933417014,48.548370713541026,48.837037095243936,1.410026915547533,94.3049602643137
261,191,48.5383275228174,50.094225881455756,48.65348004156469,48.63200503877084,2.093605425580779,93.52412965576666
261,201,47.53050566457874,51.165202790093566,49.75162786749592,47.6055652305604,2.162068454258597,93.4990139319984
261,211,51.15457774705828,47.409908048866185,46.681669904331166,50.81914944327494,2.2245250213887355,93.75269763028155
261,221,49.22976505049774,49.46779245906231,48.46924815398805,48.95340029764711,2.1377496075996785,93.93359874598278
261,231,46.720626088794674,52.11774287917006,51.04002845864173,46.06587167168738,1.6075649754251138,94.11900905328922
261,241,49.7769244531911,48.92913084883021,48.03224243526531,48.648680459103524,1.5239783846433146,94.27022117379941
261,251,46.62380001838694,52.23550614720587,50.872517436108325,45.242464093387575,1.123817095192708,94.02629288201346
261,261,49.38166819605715,49.336390772131125,47.96020791354087,47.67154135297794,1.3403521650846764,93.82056814647761
261,271,45.579754486991334,53.01900942094678,51.181113573620806,43.91845452479115,1.4285678809929512,92.96907712606892
261,281,48.036959506512304,50.39571111577293,48.63055736919049,45.9766112718962,1.5927655966405843,92.56417148729594
261,291,43.943578323558825,54.16534675924367,52.41693014116527,41.93078918063823,1.6784678262232309,91.79042512080365
261,301,46.11639879353732,51.79430938201563,50.15483347230823,43.925123602673665,2.098566941226897,91.17762258233569
261,311,45.01976579152365,52.53789249863902,50.677528257611385,43.14701491923726,2.904765159070607,89.30443307759978
261,321,43.85038143414506,53.283038652150324,51.67076403950263,42.00848234808671,3.45936792438312,88.53537714937573
261,331,45.742191709515915,51.14453671016839,49.99944074876013,43.4803939559786,3.73534142422913,87.81391716993741
261,341,47.605825752228206,49.02257482223027,47.72973730192974,45.623926500703824,4.542915532531885,86.15505895480814
261,351,43.08111799340778,52.80652405859344,52.17706267988821,41.30364466560823,5.133095538226026,84.56425940224655
261,361,44.72947622851479,50.8646755184215,49.314331651735465,43.862123324878596,6.183282094183438,82.36504435764184
261,371,46.349290142170986,48.940321569837366,48.47858179835553,44.333550988202816,5.64596803466866,82.78855971298634
261,381,47.937366708305106,47.03697567382346,45.36442531196118,47.2792910294696,6.359613103671324,80.36637071240669
261,391,46.32198127062921,48.10212725760728,47.313332709319695,45.45608538648343,6.724084833723721,79.53739141692492
261,401,44.301478824461284,49.20199019344172,47.71000773481025,44.99121881680281,7.758784847029822,77.68763740170452
261,411,46.06430809403132,47.453767753806794,45.45032796666127,47.01620892911588,7.546974441823419,76.04165832908004
261,421,47.430313062271054,45.72731556482783,44.981778187628834,47.18348850176812,7.0230810798806065,76.09302487770474
261,431,48.762694489528435,44.025287408376734,40.3143601857059,51.47642406809,7.209335981508891,73.7825900926635
261,441,46.92638076381881,45.37682510259254,42.51020947119573,49.37691787341981,7.638044262718664,72.92660900272858
261,451,44.52688710039342,46.90431707656762,44.887014169070774,47.071706131041275,8.185039351203143,71.69731672347031
261,461,45.72014717930863,45.31249956289317,38.968227026155546,52.10377822851987,8.245408903577761,69.77622987317717
261,471,46.88453804349802,43.7417760252675,38.76896813760692,52.09821870646238,7.8067221456697675,69.58300679139808
261,481,48.01831029542184,42.194223968147554,38.53343479723759,52.074259943558985,7.391172612968146,69.27579757652765
261,491,49.1198268832878,40.67183286400415,35.28763276195468,54.64959917235844,6.730018807542713,69.00871480659923
271,1,7.264231476669028,92.47162091322153,9.737189529697138,87.46897885023816,3.979407887276797,89.75967312201648
271,11,38.324350627656194,61.632084912234674,31.398675655234225,58.1765078215129,5.701939214069701,72.23798572404193
271,21,45.969264113452134,53.971243619656526,39.94584033084999,50.89923253774654,3.534923890404032,79.24541124957535
271,31,47.8104123249404,52.068503098868845,44.78054951629986,48.82348733422699,1.9910927749954812,88.81558093194029
271,41,48.409665399794534,51.45788210366562,46.894540343656956,48.708675891647495,2.4511887830962644,92.76290339079594
271,51,49.02309298551577,50.7965571388938,47.77720337899385,48.83377690469599,1.3280910076276373,94.87684187271876
271,61,49.225702786806615,50.51749767508722,47.91542301261636,49.49916981336184,1.1495392207242352,95.8933923679908
271,71,48.62506426297766,51.16371832786497,49.27152055475701,48.72893953796458,1.174565908190757,96.68497126571565
271,81,50.099140235541384,49.56171052709315,48.777445785382966,49.451131913825705,0.5032576495000887,97.47353598650594
271,91,48.83101753760851,50.78977231547992,50.02195439534738,48.186820986652315,0.3700746802918937,97.33311034801547
271,101,50.00511869745983,49.55667011183709,48.30126250716977,49.62823933427028,0.36892191525306106,97.00737967770561
271,111,50.16815663352953,49.198173821826444,47.51155857210611,50.2092516639557,0.8134683941736773,95.58717701460449
271,121,48.805425686421835,50.56410870092173,48.71596844365605,48.87675632788256,1.4520030723248016,94.54683247728025
271,131,48.66551208190673,50.78268639831739,48.97886811793048,48.33600404414333,1.0827557602118598,95.10885256201637
271,141,47.55975504649454,51.95117589189766,50.25698176784347,47.02361270041698,0.7384761957621594,95.73753855942395
271,151,49.22892634112264,50.17423203507424,48.638646064005,48.52230569254922,0.6417133126025656,95.63775335027232
271,161,48.756770562513516,50.41499603291651,48.776165159362684,48.04429979778626,0.7595865784003768,94.51359375972211
271,171,47.771595771684666,51.051414524851346,48.99168934333131,46.91559010773052,0.812923450514845,92.89170461103878
271,181,48.05142548898527,50.45964436850332,47.747215517351584,47.13227685223458,0.8119649068201014,90.89688285672783
271,191,47.75123781302871,50.46980998917275,47.44076064887665,46.40368609737233,0.5907067372347806,89.6558003795641
271,201,46.79595956238752,51.20022778085086,48.110779290503636,45.04484999767755,0.5066302487006108,88.43803195571616
271,211,50.236363881086476,47.47857473817621,44.67485023043093,48.22715313717739,0.8320132983725397,88.05006047337078
271,221,48.32614043893332,49.239987847264224,46.63121614382169,46.045093902578685,0.8607819561189584,87.84624558500718
271,231,45.77567190795978,51.752134861232015,49.159760611992255,43.806028383297246,1.021219122245929,88.10392301466369
271,241,48.626990407870395,48.56761091912898,46.58657940105001,46.93787296602387,1.1250795265288727,88.99989791670579
271,251,45.30724653054408,51.94157676997501,49.97694491381143,43.874903258309395,1.0444409708304463,89.58808358978698
271,261,47.84599329137153,49.044635511256246,47.45040015330215,46.52288573094262,0.8454330108080551,89.99428250418676
271,271,44.00128683939501,53.01309211605151,51.21863064573334,42.78918288108173,0.9569908533426643,90.27746189336757
271,281,46.24415725716066,50.39714500877624,48.77670565689228,44.85246687516495,0.9564537619800685,90.14278961769489
271,291,42.174310990864356,54.61983898864514,52.95418274992873,40.51101620287107,0.7717630162521838,89.72187604366204
271,301,44.149373532358396,52.26738166934618,50.90924086775558,42.335178133694036,0.5935004073634425,89.82249186840765
271,311,43.02012326944084,53.28293757083947,51.71711031841736,41.00390828364928,0.9315320281049999,88.4821283941039
271,321,41.8303084765644,54.30145991179661,52.8777244378105,39.42954248428856,0.9110333524907209,88.1699645066489
271,331,43.54002805620394,52.19437051122575,51.23104333456367,40.78439483590465,1.030814065891033,87.68039405638623
271,341,45.21203230666749,50.101459964657856,49.41029444770656,41.84797588522961,1.3368145711147092,86.07726530784716
271,351,41.1473781206856,54.349825884472914,53.53538064503554,37.77616906480629,1.3869622928321323,85.36384813670098
271,361,42.645774692429384,52.4511310611155,52.32991489931427,38.38755088231028,1.634224753227327,84.12636879418763
271,371,44.10889239136337,50.566896987360465,50.40125539285447,39.72839352911002,0.7184511299612144,84.09050477032545
271,381,45.53359801742532,48.70043321468138,49.30987118360697,40.087389185207925,2.035263109088948,82.23413637152534
271,391,44.20801165094163,49.96249671408003,50.08050873866804,38.8576890240361,1.5131358385532014,81.2054465137804
271,401,42.917382903273044,51.190736115171006,52.04466759715222,37.130407449697636,3.3848933603915548,80.74353054310286
271,411,44.19602054063722,49.48813806372935,51.13872572805982,37.671086790647394,3.089612643555721,79.58185810381167
271,421,45.43869854925457,47.80405129533003,49.2576367996445,38.894996498433784,3.356525282332351,79.17476483566861
271,431,46.643164875219384,46.140950189078524,48.9219091221659,38.4259040750631,3.653082298594805,77.2085032090842
271,441,45.293598690770736,47.55844904894873,49.85470201002057,37.18793815682064,4.916504188289653,75.83170232718854
271,451,43.33216428387608,49.06517386812661,51.61739574549199,35.915105971551945,5.2812008649995485,75.68779854582925
271,461,44.445478327370644,47.51823077691969,51.79629796627096,35.336876480451345,5.312354988384693,73.78985399206483
271,471,45.52670057923899,45.98964664771204,50.22866897738862,36.365982212299976,5.613709008945295,73.4883350057876
271,481,46.57408803925677,44.48136031541445,48.577757587505175,37.39180207911274,6.019602470109544,72.92205618934547
271,491,47.586019075886306,42.99522844759663,47.689211107803295,37.26311631873996,6.692107675647345,70.57196815517771
281,1,7.039768144337212,92.70324671009416,9.00094487562908,87.8553380751414,3.838087185795539,89.88473529200905
281,11,37.718603030330335,62.23899637479329,28.714998964606025,58.57139554299289,5.595846007435319,72.38870894013269
281,21,45.660677928126034,54.24857763468419,37.34429567912804,51.2198854725648,3.7629229472026333,80.57891292752286
281,31,47.57723682309539,52.25428585645145,43.32181808121456,48.55041110241105,2.0963540457764855,87.62659518224697
281,41,48.251992839281414,51.51144574290257,45.90258430497578,48.33768089026905,2.7314831591608932,91.14130290702252
281,51,48.7598202991159,50.99205123409285,47.49428724775522,48.27218696202302,1.5796861515320264,94.58561335035974
281,61,48.90822795884422,50.71756070381874,48.017431141641566,48.36838363846157,1.192927144453036,95.44695896917632
281,71,48.4018392546159,51.140931886375775,48.948214712198265,48.10016927320223,1.0506041609914276,95.36905751135772
281,81,49.52123384700817,50.010024817159234,48.058732534097906,48.8933179477851,0.829346332316189,95.49944246772564
281,91,48.64857907428176,50.80253510041555,48.8619807966244,48.11623456258587,0.6022489961438924,95.3710489463144
281,101,49.50578659940976,49.828619898701014,47.86195406076342,48.89592683071369,0.5883925296301367,95.34828798530832
281,111,49.11729054717632,49.96185571462857,47.74370466647497,48.375299107800814,0.8305288578421711,93.86733165298115
281,121,47.66289977475597,51.02450884544506,48.18473067183445,46.70421083884252,1.1895920786596434,91.5416164814886
281,131,47.41163007293629,50.92832261153718,47.82874040933619,46.01615259676641,0.9455040616606425,90.2150253971121
281,141,45.869336793905966,52.176439221359715,49.12850252723986,44.28971388293373,0.4499194386264548,90.01016299759411
281,151,47.00628123873565,50.66166515666515,47.91029127379733,45.3379812571765,0.31194890972326544,90.07316099118336
281,161,46.00078197072914,51.32738252681198,48.871115380596805,44.39014598523674,0.6660826252701905,89.6648860262583
281,171,44.789368260847276,52.21318471407693,49.89552477502529,43.1953652259222,1.0209907300972778,88.94851832232132
281,181,45.00227758953994,51.619231203779705,49.450102727482026,43.27716591437664,1.0437993450647742,87.93007659910226
281,191,44.8673141750802,51.43060163431063,49.16867077873001,42.93513192827723,0.9745349239192997,87.0345200406359
281,201,44.27932722139125,51.810248238122,49.553315463254336,42.1040561737787,0.9872355655193714,85.74094724413605
281,211,47.243533377810266,48.17515097228949,46.08003359336025,44.37099175282398,1.0341488541917547,84.49692563144991
281,221,45.848241927833804,49.49897939581936,47.30782236068225,42.616576777760756,1.127949670243335,83.66075073706695
281,231,43.75822270733044,51.642729639374295,49.117557409800284,40.14774848997369,1.4809278512790218,82.66234763281078
281,241,46.27983357284576,48.48916721351277,46.205117951746274,41.69368156669078,1.8999000926663057,81.84936882259399
281,251,43.395131049778506,51.655510902879584,48.73562981546936,38.79910243499756,1.864192163570684,81.60261115327323
281,261,45.59616470291927,48.77310697348305,45.871861839092745,40.14650313985015,2.0727495443357595,80.90101334518299
281,271,42.15156411180996,52.77752653893274,48.57048155113197,37.01699769308338,1.9354014607003538,80.53175076768548
281,281,44.10635956011893,50.16905375974198,46.04668604212236,38.28463549181469,1.8590835269014754,80.05451163075922
281,291,40.36102678179942,54.67984320636192,48.957866072506775,35.29214999785996,1.5166236048856279,79.67380190889234
281,301,42.06573081515451,52.33753847221659,46.32700803271493,36.18249018829213,1.5704556464966348,78.6991783899334
281,311,40.9966568136004,53.57913612652816,46.03783819011837,34.96467532489598,1.427427049268604,77.16221523206852
281,321,39.89324443054624,54.854461918146626,45.934230568656176,34.07235784273275,1.1772906663992673,76.42579629252803
281,331,41.406805596005505,52.76754342962873,43.90965249929978,34.773529353182816,1.309753620546632,75.42648129292505
281,341,42.869865314973524,50.69409007832994,41.58693628159758,35.186057176017634,1.4514293797924527,73.17014967926127
281,351,39.210987962785985,55.461497495944656,43.50817687275457,32.81418225131386,1.244789855223734,72.4805211537765
281,361,40.555619933246696,53.59488168398639,41.33284010034894,33.20005292810201,1.3504649802102835,70.24387941048336
281,371,41.8570340401909,51.7408521414374,39.67385295799974,33.89600073717831,1.2718210380573243,69.74414530841135
281,381,43.111980873949584,49.90261384369087,37.77481898971009,34.26133771271171,1.7235533315270946,67.09807094855041
281,391,42.04465990879079,51.416361579547385,37.809950670874926,33.43829024543286,1.778066179862332,66.04048582453336
281,401,41.044609693054575,52.843241769594854,37.25943506653721,32.57377692274361,1.7278939880656146,63.93359034361995
281,411,42.20585640689094,51.17874704473604,35.714942345015594,33.25529527303884,2.305515310957734,62.78640198752371
281,421,43.326493111651054,49.53025963537435,34.13394524498196,33.85571519067504,2.42985918327762,61.97115619081058
281,431,44.404217908674575,47.900138333280644,32.67423268593012,34.556925643950095,2.9328734326665615,59.53438319796389
281,441,43.44650057144718,49.46270795695047,32.588423662680476,33.59655256077987,3.040885613901537,57.88251995112215
281,451,42.4580910490684,51.029767525434636,32.213297538622925,32.780049619566185,2.9538381926229214,56.54753768114943
281,461,43.51038460385462,49.52331055646108,30.871798377040914,33.82197751457262,3.561827188300818,54.69245010591672
281,471,44.52765904538858,48.032831246393506,29.479045122699475,34.250629611413395,3.6974446960666123,53.769698099510386
281,481,45.50811569112751,46.56016351578677,28.097166896004843,34.69431286366749,3.823520574930179,52.74747167451122
281,491,46.45008134674557,45.10706566011601,26.830310985421303,35.17018645448342,4.323497098068143,50.32548600182976
291,1,6.83267125644745,92.92110966385735,8.357691560274427,88.21709539793662,3.7004448673846424,89.9979199269988
291,11,37.11154480968381,62.82699312055862,26.061464546579515,59.083607474641376,5.6582597277831255,71.93119923557829
291,21,45.25424317475654,54.554072833630975,36.35502481303596,51.19155859981673,3.8181043733355366,79.64025011487854
291,31,47.071520223321855,52.50965706839049,43.04144925493549,45.83132511927086,2.1720795375015642,86.41868704432845
291,41,47.50312532274375,51.93803209495812,45.941124874620755,47.62145156759326,1.34107260230951,90.54701288889446
291,51,47.530786670554065,51.457796190407265,47.386297990947064,46.707044222124075,0.9905555372594641,91.5284598519383
291,61,46.95462253790258,51.32033797915558,47.28122559572891,46.06243094814818,1.435509964514464,90.42530046431688
291,71,45.48906019618491,52.029889640132964,48.81389189865569,43.981933992409644,1.0108764517435884,89.38948209490569
291,81,45.778200449053756,50.95028331285095,47.459335925657435,44.31042295842786,0.3777465723629873,87.68756891720902
291,91,44.30667478217305,51.866561194469796,47.9338346108956,42.76080529773085,1.2115487331243204,85.35943322017971
291,101,44.881433444958354,50.59341865229441,45.97416505913611,42.394375722006586,0.5733450820973138,82.95386349144381
291,111,43.990919810365725,51.04835523054647,44.981445063809296,40.337997280009525,0.7727808681651247,80.06037155253668
291,121,42.663458351253865,52.23705168816441,44.74045230018419,38.066956304715774,0.8933627588768194,76.51814612422856
291,131,42.806657048284,51.742196246828776,42.812145998540444,37.07116582222175,0.9218060780694701,73.60986761062456
291,141,41.91067212338646,52.56008159221559,42.25594746782068,35.17600429065093,0.9124997516043075,71.41761650067754
291,151,42.804988725462294,51.0606844983357,39.585995120892086,34.698168823112155,0.9370954414516426,68.79235006515505
291,161,41.88552441661158,51.94179370135481,38.412791016888704,32.910804424704644,0.9718606520786037,65.73030360585153
291,171,40.80946927008036,53.16995415998663,37.483624829196145,30.920434800112673,0.9334661808966668,62.39778818288786
291,181,41.03483884699684,52.75285693329298,35.57244702369201,29.76978169992637,0.9757246706542501,59.160742621223235
291,191,41.15925202847516,52.56103993816824,34.038611875236754,28.602924484570686,2.2268758622428853,56.225924271256
291,201,41.06320462742266,52.726906241510896,32.75393309357721,27.47959075303746,3.4761598506044398,53.60196496641646
291,211,43.46299966622709,49.1968492575701,29.47498597312182,28.31807010239788,3.867691253642711,51.78260985102683
291,221,42.86115797808685,50.10955916186847,28.98271640068466,26.81537512338677,4.368950730085901,49.790054049837714
291,231,41.659374760624054,51.78633337922657,29.154842382661567,25.34387486870033,4.668740519839035,48.63147894884078
291,241,43.74673859560951,48.675060313314916,26.934349937096545,25.858042054940828,4.48331446934767,47.652411188945585
291,251,41.74356010327159,51.437055614404215,27.926645260025456,24.09748754742643,4.4659466660171185,46.96952922195207
291,261,43.63474266715984,48.57078649629089,25.95266834109034,24.46565084191516,4.231314774054653,45.86870883741315
291,271,40.85900561795171,52.38103018367537,27.640394939670387,22.89983986459288,4.026710567586381,45.92602635671493
291,281,42.57307447890534,49.77199568858558,25.63190924499506,22.949871548562,3.5927162581229086,44.52087626961792
291,291,39.22172815624874,54.382923761976045,27.52210615703254,20.972763341551506,3.5436471867108037,44.22916063942382
291,301,40.778053916202985,52.03556359182859,26.07841499449802,21.798622392884262,1.237545864040066,43.74668633157446
291,311,39.716036814180214,53.43507880877906,26.774029744857653,21.844511082281805,1.0300883637814378,44.014560322256095
291,321,38.61214151926529,54.92790945815356,27.313021735698918,21.107065814899144,1.0939958400040275,43.31568900342489
291,331,39.976069904681125,52.843354113098094,25.852944247028802,21.312520161627138,1.0452285671578914,42.41732886864835
291,341,41.27757128188635,50.77245444683918,25.097063681571484,22.382076280486896,3.4493044443804486,42.51299872709953
291,351,37.7564635982742,56.08649672178081,27.42723124924744,20.255674011072504,3.484347736472725,41.64686533945478
291,361,38.98317649790723,54.235220383708906,27.04290755903139,21.46451441665759,3.9946248436577516,42.102125554058574
291,371,40.159704555724154,52.39541033145575,25.279593318215245,20.834669646559064,4.165267908055591,40.19467176229562
291,381,41.282550000701995,50.57025276057736,25.141423272924225,22.07107187618863,5.143682478238473,41.20056359668092
291,391,40.23338634232331,52.384510781208014,25.596908331913,20.898929117324073,5.227587812702642,40.056154720372774
291,401,39.29886598924074,54.07964417369001,27.01832991186009,20.790599247845456,5.279636038485455,40.77018205887059
291,411,40.36305193272033,52.44109617700662,26.418663361705057,21.278897327536573,5.875836893670849,40.44645407478635
291,421,41.38299103355389,50.81661869180426,24.87757988110591,20.759199355771702,6.0640200926605266,38.728178994435716
291,431,42.356262654732085,49.208512683672225,25.344898673777127,22.55690123997552,6.834354540725451,40.99648239153529
291,441,41.53739736358475,51.00377219538461,26.150627248413215,21.691463733448867,6.881202955732685,40.34867761764162
291,451,40.742869217642905,52.723723852958756,26.888164657132652,20.589605674189002,7.000840465163851,38.56720585873556
291,461,41.724260665688405,51.25033644645786,27.409001654978276,22.676190280980386,5.398274340570504,41.592148468242335
291,471,42.669089536959824,49.790836637740966,26.158031955935257,22.25346548005956,5.551604895033875,40.26157218322546
291,481,43.57550886178201,48.3469853014933,24.92433712073132,22.095032188453338,5.683225021569777,38.9007164341616
291,491,44.441793787827635,46.9204748061486,24.573983518538096,23.069409533622167,5.9563689337412615,40.4956721668823
301,1,6.770699192404098,93.08642224315638,7.846750649691117,88.52011850655288,3.592830795200813,90.08756937605459
301,11,32.67772511331321,64.4796857969759,20.500995113531005,53.13660310726137,8.271727273103478,60.57334135504664
301,21,38.380415523986336,56.5600828045539,25.428615034576918,39.434027253501085,7.716203488251096,54.665894615196876
301,31,39.396497880707166,54.41799836326818,25.17644705732851,31.61023516453542,4.219742767938907,46.40738247850696
301,41,39.627977562058376,53.642602058478516,24.587482687897655,24.30244128242923,6.038684784149,44.38659064376497
301,51,39.856735605570115,53.051878332722765,22.83424957367952,21.72343667465443,19.686762278840874,42.100473311927736
301,61,39.982889401029944,52.70167006896729,21.50848569994625,21.031225157150033,20.36719926272205,39.45743739910472
301,71,39.60285479943913,53.17797761786836,20.752926241152263,19.72075666321198,22.038354840076423,37.56806360928467
301,81,40.56804789279421,51.696706345517065,19.990988681520363,19.472341038408906,7.25972327787702,37.06436595521636
301,91,39.76240418675279,52.81058717467626,19.944252332408833,19.19191837571915,22.071375529638836,35.788384587554845
301,101,40.814269069723146,51.24957254758262,19.134455194051547,18.79293350085166,20.977934235991523,34.94927396711923
301,111,40.67873541284974,51.38507729943278,18.96693170231678,18.580497858089647,22.954599356789817,34.33497658966695
301,121,39.61011687229436,52.95425906000085,18.523597005401022,17.875248793760615,24.311060352375215,33.66325761666969
301,131,40.0280258977595,52.449041932544425,18.61802482640963,18.057269517414895,8.359583923483022,34.347083158703754
301,141,39.916586836156796,52.7972806668548,17.94571818150369,17.09637472896908,19.154173286752403,33.083340245471035
301,151,40.97411738025507,51.0911558530629,17.21789725586691,17.0999427069365,9.012955420615182,32.241190689326245
301,161,40.37373176998309,51.87761409189589,17.671847786296386,17.125058338796638,8.992303377014359,32.180787997329965
301,171,39.30083192825597,53.375974756922375,18.39910944077019,16.707525575432637,25.766389002304535,32.16926618104571
301,181,39.357907112912926,53.24737376256906,18.990562618525058,17.157707649152435,23.94601781681664,33.02055036332888
301,191,39.404720808542244,53.28196244935582,18.66898822788308,16.266899014733667,22.347394147938758,32.19574472834611
301,201,39.41798762541413,53.498897366930755,18.740749627938293,15.579191600007281,20.94134693295151,31.51918519223949
301,211,41.56169678556904,50.038327031831265,18.553311959347514,16.97908263952302,6.208874880195815,32.635946030223806
301,221,41.33756619942503,50.76510448854712,18.304561064301105,13.250982865701843,6.43095936951668,31.43729340117978
301,231,40.677922029477834,52.070087779286744,19.071840001635252,13.423237676394582,7.129110739034049,31.6791268982889
301,241,42.59937114499631,48.99102624196286,18.72094313869935,14.509483033845754,5.8779661890098325,32.24007489349581
301,251,41.21979476302018,51.30429915000313,19.26068578375947,13.982608188785168,5.960643393728234,31.88695266007292
301,261,42.98938596247421,48.444708401346645,18.562400063356694,14.317457533083916,11.409005341426399,31.544146556580127
301,271,40.73322126708121,51.910340709668624,19.60135185390549,13.897474181714712,11.599008596808837,31.907699046002687
301,281,42.36601824382289,49.287535391575915,18.15831623584792,13.525994964168877,11.68851146357263,30.42885426687421
301,291,39.271771853021114,53.8187088119013,18.282764873317582,12.283741016907612,11.732121610940206,29.321893697153257
301,301,40.776175654447485,51.448300443099335,18.251052045589194,13.170165312077357,11.64148103361896,30.432343574007536
301,311,39.70054445126961,52.92117664368209,19.28471082889166,13.644117509976079,11.806889345010267,31.817296531143523
301,321,38.51298050660759,54.56896485309625,18.854143109586076,13.27197435018288,21.411971447373514,31.171289405621987
301,331,39.834553905179796,52.46593975066877,17.823048589985117,13.461805736439905,11.716896869376244,30.78678887083574
301,341,41.08738083663109,50.37698478932011,18.194583725798054,15.008816091210129,11.600220383643995,32.911590808327865
301,351,37.2603128917755,56.218514147405685,13.714890029577544,15.269453669007934,16.930691713570834,29.952090283805745
301,361,38.446448630884255,54.36248275994265,18.762702637784944,17.222003093063726,16.785470812325716,32.63852760117164
301,371,39.5789949694019,52.51714575749,13.01663075621961,16.097340919634213,16.70911096131936,30.114074878401325
301,381,40.65416196208399,50.68573667674333,11.87714294695294,18.122494239556815,8.648794912416005,33.083236193591496
301,391,39.408826734633315,52.82963527550217,13.205796912640977,16.267878550943426,16.794975189553252,30.492101707943654
301,401,38.27966220439672,54.849578716449365,14.067848606057796,15.889116454071047,16.33259481511824,30.954006879167075
301,411,39.299787511417755,53.2212269318512,10.272312985716695,16.44582033295898,9.3602337545293,31.282075185445702
301,421,40.27417597822967,51.60535833782428,10.447703041396089,15.485935981867547,9.424656984859132,29.1330371844448
301,431,41.20025171573381,50.00426245867756,9.493061504930965,17.769869970442485,9.056536665024836,32.916320348906666
301,441,40.23051617116987,52.11474986602159,10.203950467967351,16.106665969666373,9.437740177259345,30.677458540746038
301,451,39.33520984520902,54.082498816464685,11.560606059474217,14.130408198226407,17.750677977917476,28.098892896388822
301,461,40.27395165052152,52.63190397399439,10.495320236463728,16.726545958597537,9.57096234376221,32.198279297244476
301,471,41.17595153376515,51.193307463214175,10.621512952895374,15.903241406201632,9.68515634243175,30.522495549758233
301,481,42.03930274053024,49.768424037932476,10.711696392502407,15.086881644379414,9.764481294954445,28.85712043594938
301,491,42.86221232595826,48.35890739840924,10.201082701584319,16.214699296366668,9.660899865375118,30.583857090804393
311,1,6.572996940544772,93.32155306111676,7.308151676584572,88.84264710102595,3.4778258618545976,90.17509413385245
311,11,35.896377300063,64.0526155951601,22.490888672084182,59.37204493356308,5.796208092151075,70.79065233801572
311,21,44.706969221423606,55.16032374362766,35.09565806601561,51.67165950386055,4.358591985454758,78.59164404883778
311,31,46.921418647431594,52.793811173159774,41.77008232123882,49.24274509791816,4.7266252957211226,85.56647774623546
311,41,47.58452153001935,51.9957349151195,44.84340923714713,48.17413409163219,3.1625577575967743,89.3448169861541
311,51,48.10695332373204,51.392810338157766,46.296785196859986,47.982230357841374,2.167399932421044,91.50218374760476
311,61,47.997192406518394,51.22565587952225,47.26291180198111,47.372384677845886,0.5308396575666149,92.37470650493148
311,71,46.85907459191397,51.85282302402376,48.0715406156553,45.913995393116295,1.265116209173472,91.34990169387055
311,81,47.36504065566428,50.70851703060062,47.14048525115001,46.137019956336744,1.6400304559858327,90.30342560143553
311,91,45.60713588016823,51.85018243079834,48.46378070237599,44.45110133258642,1.7913178017214304,89.23895182767289
311,101,46.123091863360294,50.65373575928477,47.3654427437288,44.856882655202334,2.873638195893435,88.01262498687008
311,111,45.69414087667646,50.51991172606303,46.988335706568556,44.23064434317547,3.374278663370757,86.224723627131
311,121,43.5863184715611,52.31151698541765,48.25588468933254,41.8449678305447,3.6847061152584475,84.91856443050018
311,131,43.2326909556213,52.24296552610198,47.130446664899935,40.878363934651475,3.925198204705893,82.63580253575495
311,141,42.63134920796981,52.61966925523891,46.463716404787895,39.571615705923854,4.088429978362167,80.24283967236566
311,151,43.92446074454362,50.703372802709914,43.463293050266536,39.76119883837235,4.4146239895544355,77.1688600013554
311,161,43.24225996906827,51.21555357975461,42.337490642940736,38.16253167221241,1.8197512099347697,73.76281135643185
311,171,41.72924617434195,52.764328569128494,42.23682110034125,35.78206000804551,1.7901239052444715,71.15842978779926
311,181,41.39095332955067,52.876809468270146,40.737419080309515,34.42034426807845,1.8807772488187844,69.1504811636206
311,191,40.91326226139351,53.256622623855435,39.78128186944507,32.98803877349765,1.9734374045838186,67.11967652496004
311,201,40.429771673981584,53.776178543592735,38.994787718716616,31.488843048735255,2.331932294104798,65.11053233845767
311,211,42.809699235336915,50.31313442981041,35.41707272597272,32.14471147362114,2.2953748423337186,63.17343107629574
311,221,42.202257106505044,51.17383698330917,35.20869993780486,30.350412217525673,3.9141928789363227,60.99606937874905
311,231,41.42074734978327,52.35599886750092,35.12174690371614,28.81392558247711,3.8619014374504537,59.00053570357514
311,241,43.491433467240554,49.283354703353375,32.2464217211766,29.529269013601017,3.9991082274026772,57.49401248467938
311,251,42.16946969197667,51.26432665205741,32.564654894517965,27.910099425423702,4.092559905427582,55.8275331648015
311,261,44.07094515822291,48.39644484971516,30.16773831761615,28.35536095368372,4.113343016631746,54.354381408954445
311,271,41.91351273366662,51.47710504333891,31.095512333753334,26.547827210177662,4.243217273316045,53.19431417434855
311,281,43.6643421944659,48.82841970969093,28.954394125176286,26.581349605136,4.245622128161094,51.52377648268532
311,291,40.522988624539586,53.13254514385689,29.977528557439502,24.190210887506012,7.638187944098386,50.07916835530487
311,301,42.128753471146844,50.72465800110051,28.530464120784522,24.640610058192124,4.270306410159499,49.397398163691015
311,311,40.97363971893168,52.17772992071853,28.791180090122793,23.405971109869107,4.281302993421274,48.85018736487817
311,321,39.61992602848461,53.895885247691474,28.69453896942758,22.253245924427976,4.335070495101833,47.72989329299555
311,331,41.020895689037346,51.756169755549195,27.0766969695279,22.46324205378977,4.1323435840933875,46.69946399884859
311,341,42.35456070108328,49.63075790803313,26.0709212752256,23.529301931239797,3.958601861672849,46.702187787667846
311,351,37.90058393147511,55.91371140242008,27.016862364577815,21.09614611707591,4.04331342909041,44.75049016734252
311,361,39.137889886233225,54.033511137466824,26.313819343265166,22.041505120647532,3.7872314294356615,45.31397311248563
311,371,40.32285854830073,52.16332466834391,24.340032525311493,21.360683239250136,7.822786077055384,43.455387345314016
311,381,41.451445837358044,50.30648092052758,24.05781963448009,22.9622303291376,7.913493578374703,44.24418548582149
311,391,39.803349656313955,52.77478342756683,23.63279538847352,21.242315447467142,8.114612164080118,42.61508859012543
311,401,38.26466467970543,55.14721240300259,24.111324932846674,21.17844785448035,8.828673385625848,42.79086135741918
311,411,39.30741534548595,53.51215766809837,23.441130038053913,21.738062146237873,8.644379221844337,42.265461587146355
311,421,40.3056187282964,51.8881982854345,21.646122290386412,21.14545337567193,8.521538782884576,40.64759257372181
311,431,41.25654531463267,50.27764684013866,22.6175076477663,22.34552595083108,8.491456186090804,42.37488535922576
311,441,39.86176526312782,52.76452646528011,22.435805982264885,21.18375972589063,8.739139642601225,41.27382160113013
311,451,38.60909270204634,55.06230595602122,22.01927092162581,19.611656762481758,9.089222613619953,39.90742806808341
311,461,39.546200403241095,53.622473787083344,23.719853061480908,21.483857147759874,9.132759294655282,41.80342704855805
311,471,40.447868835250546,52.192886207675535,22.149008756057004,20.937887511396063,8.985895986795187,40.59159534504664
311,481,41.31212830878909,50.77523282908957,20.61538648712974,20.401045384652296,8.815566404067903,39.36735720744977
311,491,42.137110873655466,49.37114965899545,20.90007346143865,21.181817470240922,8.322019004824917,39.68846407770745
321,1,6.389022127625952,93.50539466761026,6.878974768850781,89.11929102093737,3.3949292176517196,90.24766850508489
321,11,35.328038079416835,64.63521288862314,21.72957409469809,26.029023877917822,5.886403367715669,69.1559924559674
321,21,44.506259862814325,55.42094562610198,34.34850314402228,51.94963918988926,4.573804927625192,77.8871626605667
321,31,46.97908690684753,52.86739959161702,41.30751234558041,49.59697800838229,2.948946237039609,85.33054905148363
321,41,47.857823200778185,51.93952448369591,44.64755795048811,49.01244811236949,3.3530179515186096,89.76961348327464
321,51,48.54345358732028,51.24197347505851,46.299399214588114,48.97741139697044,2.304950509822917,92.69622389797024
321,61,48.873137696941896,50.83006552753467,47.20234441458525,48.919513615380296,1.1956378649744284,94.1010765522163
321,71,48.260430110410425,51.334251589115674,48.3685174863831,48.262965560339595,0.28909284601329355,94.81464899479606
321,81,49.448564870623606,50.094856686301924,47.66251705572422,49.148942282064354,0.4761752833313088,95.37077565415922
321,91,48.607386342837074,50.94236880137122,48.729129055309286,48.20428952229084,0.785136931258121,95.41709718330132
321,101,49.620810074019886,49.859208903665206,47.87975599968918,49.12405894142402,0.42496884841132493,95.73602588078003
321,111,49.51760750366393,49.82414202159225,47.94141906910818,48.92529119680828,0.4313458467616156,95.20369951359602
321,121,47.82515416402443,51.282835401520884,49.196001135627974,47.10727337829874,0.7629971423821891,94.25425507869821
321,131,47.35503867624654,51.462733612583065,49.131440820854046,46.31474588948132,0.987730211419079,93.55951726032868
321,141,46.25411546687627,52.23440885441272,49.66483502518117,45.04653222440092,0.6638328887615401,92.37891150781529
321,151,47.84874099417967,50.273676727087,47.73833413557435,46.33106957054398,1.2800524185645588,91.32647627907687
321,161,47.22934886741314,50.537030587732346,47.969207317949206,45.75448598125104,1.8514393680484489,90.52155310699189
321,171,45.59891046951731,51.86019145870541,49.23799333491042,44.28728066073819,2.0488204640395486,89.96294859325582
321,181,45.13282383343309,51.99438785592909,49.43989332586229,43.878230821009865,2.1270541550325777,89.52532647349018
321,191,44.226621556247245,52.615182952433436,49.99244093376512,43.00751242617199,2.2152483039241613,89.00265223811382
321,201,43.1170059079091,53.5069639712761,50.6733074751897,41.966214389733196,2.1038048228909823,88.28993527996559
321,211,46.02189098395642,49.97706135218429,46.95698182245797,44.486587873980994,2.2655649453788533,87.01071212464198
321,221,44.66889062413425,51.20383830489366,47.859925304608986,43.00080628377381,2.323773862278312,85.81619833926072
321,231,43.324969177440884,52.54239301002548,48.67108053650036,41.38300311219884,2.494007367196008,83.76658928061474
321,241,45.75606095294152,49.44781391573141,45.18724565393546,43.008262703856296,2.7993450534133943,81.4908210438683
321,251,44.02929512747612,51.31636139305752,46.283637868813,41.09975435992558,2.905440285489151,79.50417683466263
321,261,46.236880267155506,48.42662493721563,42.978192305360935,42.482250642626326,2.937601152000859,77.39693187019432
321,271,43.85838237213354,51.19117371967863,44.50892305152551,39.437132701905384,3.3359019514416657,75.63825443966145
321,281,45.86792228821049,48.51050964655875,41.66234205683196,40.562855224779696,3.5028210845064245,74.04319470522304
321,291,42.4993646216169,52.49681276994267,44.370068657633695,37.359212566378126,3.6578526516377594,72.72239525631376
321,301,44.31864872980248,50.04533176905871,41.38183518878534,38.031552049059044,3.7415103516522303,71.16242115632483
321,311,43.10300030734716,51.3900993106901,41.5249002608967,36.66676661445225,3.054329662661728,69.82278466194467
321,321,41.55605399659248,53.08122766220388,42.15447097399706,34.89341656347731,3.213308260586677,68.53293416376485
321,331,43.131609316351344,50.89403521027101,39.76620825966614,35.42963287534682,3.6272671712534543,67.4567799604119
321,341,44.64836852407681,48.72105250142968,37.13645820916762,35.7839294952363,4.165287429132932,66.06317097972412
321,351,39.37501097987746,55.288083881658615,41.43558113140273,31.42057609207345,4.140372305038973,65.11212432842115
321,361,40.738118525641575,53.368988880874554,38.85260309289425,31.913845945146253,4.763167380634081,63.90775027702345
321,371,42.05462743188957,51.45923473146819,36.973857363486026,32.177928979840544,4.827385503458183,62.630337200063735
321,381,43.3203399599492,49.562279411407424,34.47942053626435,32.739760203346066,5.562380849404255,61.41307591182327
321,391,41.19108577272654,52.30612585156072,35.770233543719996,30.627632499106028,5.586529702729332,60.194032742940564
321,401,39.11205760388927,55.017422920254624,36.67842210390412,28.858256093044787,5.798018355187656,58.550009050172655
321,411,40.23718583351227,53.360441247443404,34.756057376160854,29.26202506029194,6.253542269466974,57.75318949531093
321,421,41.32169238315543,51.71331757202433,33.05948207988198,29.211717479803838,6.272658591109795,56.37168705918393
321,431,42.36273664054184,50.07841272204796,31.37246823889745,29.895015547007674,7.2110211084557045,55.70122642366061
321,441,40.351587285586064,52.96555317722308,32.51250723026431,28.042214393597504,7.221651489723178,54.365378535437095
321,451,38.53807841069978,55.64835818888598,33.53178446239027,26.15762852013207,7.1175981419352325,52.33013486579707
321,461,39.513185948579476,54.207012219070215,32.62248557419262,26.876548824581732,7.628585482183095,52.47966527938954
321,471,40.455722207298514,52.77427552449423,31.08753277844257,26.67635306386312,7.604161271869097,51.24118594834408
321,481,41.36367284073641,51.35182836990455,29.538384052978312,26.471987090731915,7.565217124180801,49.89475887794815
321,491,42.235110879954064,49.941304491686914,28.67587175144624,26.63723444889107,8.024275944734578,49.36659136028687
331,1,6.215915708357697,93.67955269719202,6.51575171204186,89.35418380587784,3.3940359917744347,90.33274892476143
331,11,34.7558927907728,65.20875469864212,22.03731693470416,26.166339148367694,10.926485632465923,66.48232269124757
331,21,44.22755909094903,55.71498665800847,33.700956304169665,51.401794869637506,3.552985410702763,70.44679989754849
331,31,46.87026560744366,53.029018564208165,40.869343570636055,49.30146372492262,5.37352919699576,82.49948849355484
331,41,47.88798982959925,51.96452377469936,44.331924947498955,46.99430503899018,2.1367587581964314,88.41872949446612
331,51,48.6386783867547,51.186670389979774,46.06403284552123,48.315907576400036,2.4405418005628956,92.0993644514878
331,61,48.96794392042118,50.84302798394901,47.124148539546034,48.32602574759425,1.8623959017370313,93.80524472585805
331,71,48.45792691045258,51.33360803846716,48.39902703095681,48.33423644919297,1.475768505322783,94.84596201745623
331,81,49.920703091209646,49.841568064962324,47.6034702125125,49.57293369966794,0.8683863145890423,95.28541307503986
331,91,48.778339598069834,50.875930602632444,48.85136954710427,48.47426910365363,0.7087721597068878,95.67325117274851
331,101,50.139171922069316,49.4568639180503,47.74605931679161,49.666815746410805,0.9090978650304341,95.840956614832
331,111,49.83846092008855,49.70630082919272,48.15521026488329,49.31647918763497,0.6489627699728406,96.06958617255465
331,121,48.67925823334431,50.877091423488665,49.3318339807019,48.10223201996246,1.05519104367441,95.38624685508552
331,131,48.73395675443405,50.818839043843944,49.28847420679261,48.031739797857384,0.8505102499434538,95.4730653429476
331,141,47.659149019219754,51.87893278800269,50.34044328377595,46.98247636345238,0.6872841453961782,95.79369653781119
331,151,49.41955876926509,50.04450708822166,48.58900466912478,48.670037325860285,0.5618854724885737,95.69349261218414
331,161,49.046656352859564,50.279595653602996,48.855879550416056,48.28826317976649,0.6339725928982162,95.03912497227937
331,171,47.898311932489996,51.27333197816728,49.66732261834165,47.069925379145936,0.5797381359444861,94.17617152656845
331,181,47.79947501482884,51.19134727034324,49.32245225169222,46.73132593536405,0.7372363634754477,93.2973181041788
331,191,46.99467735406643,51.7911833769892,49.73667573572788,45.737949899250324,0.8065511301063258,92.69880887146762
331,201,45.694177635458466,52.90173604007427,50.61981436414887,44.273185040520595,1.1354343943489256,92.26412247884652
331,211,49.067233963552546,49.28020237823032,46.96240156246855,47.29659690501025,1.680007535677084,91.76471025106643
331,221,47.20286198198394,50.89718939380893,48.3785592939752,45.47364170593692,1.7963643940194125,91.21042567038394
331,231,45.312206612295654,52.57437333146107,49.9432494033415,43.763648806489556,1.9426350628975033,90.40784477380616
331,241,48.116022529921935,49.439186044772065,47.035418452659584,46.37245007744543,2.249445220394939,89.46796717521866
331,251,45.963426080569945,51.42993774793598,48.99990125125749,44.37563731484002,1.7524610255584783,88.03870881960117
331,261,48.504982854148984,48.5109523207809,46.22685941738929,46.74167657029846,2.2054205544723584,87.16919189250322
331,271,45.848226654046975,51.11126510285268,48.59820478899838,44.325183582970304,2.447026922020091,85.62993624415832
331,281,48.1504966789755,48.39976361805309,45.959634280384684,46.37789825586701,2.760948113955334,84.84461937656422
331,291,44.59559686531257,52.055948553473094,49.30112767139543,43.05204993044671,2.810526580444466,83.85484805601749
331,301,46.66608124515464,49.56399658370356,46.73857279953795,44.86544449490555,3.33365306421054,82.97242021957788
331,311,45.410899561522626,50.73554006132274,47.51475327576461,43.52802492638192,3.7198851960836126,82.35035761430512
331,321,43.813808235254605,52.30823657914262,48.773301227034395,41.90003566358963,3.9718781113445685,81.88026222194065
331,331,45.607640308571185,50.0721749132186,46.46303473698703,43.1975863153459,4.529893726793044,81.25137309702498
331,341,47.355050736238894,47.8498776320338,43.95746730350169,44.146390738430405,5.220841258010495,80.4827162339278
331,351,41.37269779845779,54.49483135212304,49.89194231271325,38.84254701580125,5.249408567190997,80.55282965534795
331,361,42.90648259117899,52.52932945862597,47.38175089932823,39.53191149790506,4.381357059072755,79.57456903231352
331,371,44.40217299918909,50.572521460787144,45.504065615017495,40.6013499325372,6.397816264439976,79.05078610471851
331,381,45.85551166506883,48.62801425510966,42.774340480666346,41.11049719864779,5.551029927946078,77.7330767519546
331,391,43.22413397566541,51.5577082533582,45.1822287557553,38.69805466745476,5.68809416234205,77.35928370771396
331,401,40.6046605999501,54.550498146346094,46.990042852124795,36.09236868917869,6.113097203413661,76.08583297814886
331,411,41.85417506310895,52.860352793318825,44.69477343677673,36.64845394158919,6.7990564781129335,74.84350669339906
331,421,43.068916152323645,51.17900722648816,43.059946989494826,37.24989461467755,7.088996484484424,74.07645363951445
331,431,44.245985142405125,49.50888926548949,40.098704004166805,37.50047430424448,8.128934387990705,71.80129445158933
331,441,41.55914810124647,52.77483798147672,42.50166588480687,35.13749578835435,8.278940981382904,70.89278644765061
331,451,39.0653418566232,55.86073247102642,44.690548065566304,33.00712996765933,8.25796421421202,69.57902082177438
331,461,40.11122492737155,54.40680972982328,41.94423578684248,33.20777798014909,9.053654903505482,66.94474745605312
331,471,41.12862385544493,52.96000619982579,40.51063243370503,33.47121751611493,9.326458187792335,66.1340349036135
331,481,42.115505972576216,51.522005315599785,39.02491792818801,33.72343574240282,9.600861436712883,65.1336854796913
331,491,43.06991114479249,50.094450377164456,37.18248080794642,33.74437864369918,10.47929200824171,63.25895876477381
341,1,6.049066377902041,93.84481064491105,6.222619070999672,89.54886191096331,3.6749416244924804,90.35688050078653
341,11,34.19045389850249,65.77401647704778,21.443158185975584,57.122497279995265,10.679757638297337,63.26111151260576
341,21,43.931760893462695,56.02259624522078,33.23416468158262,49.39713125546854,4.9863632049946895,65.96534316810548
341,31,30.918037125555976,53.18297766246407,40.57269985370504,47.60279012753274,5.845660495570533,81.24618476635995
341,41,31.33642786610542,52.08669295572559,44.215460275183894,47.64683650058801,2.111008814669606,86.8153391594833
341,51,48.64183875886931,51.27038134752401,45.92916831341406,47.960588963510155,3.0026036177405393,90.01989198770846
341,61,32.01232633459082,50.75082022573929,31.248881346367508,48.19333643891976,1.5652833554776269,91.751243610488
341,71,31.797386923578554,51.17894676760605,48.28788245925841,47.71288176176968,2.222747938611551,92.39758814670668
341,81,49.97842594762464,49.93490116432137,31.317581068748733,48.80967677114495,1.8371566373217099,93.58437080173817
341,91,49.084280182403226,50.82818892861541,48.95796295549643,48.074669592737415,1.2721642096924228,94.56282897665392
341,101,32.757595416566545,49.38215696899967,47.85944724566227,49.16737185382485,1.8023321282959532,94.67796661035591
341,111,32.65724919051535,49.63954444486368,31.926695195284477,49.09228351779,1.4344394991843736,95.14782031181346
341,121,31.88992421559098,50.79989473831632,32.780428918190474,47.8411546676116,1.3591383762031268,94.89327245065708
341,131,32.22592257569906,50.3900007221328,32.51960100877499,48.510987094955546,1.3276424182654136,95.03326261429088
341,141,31.60414126161517,51.62273165269935,33.35973020004331,47.38664455168338,0.9190320318174665,95.57589904750805
341,151,32.76850885433334,50.07937185278579,49.19541819109984,48.61712190593715,1.626054041170831,95.12647131633489
341,161,32.70572853251555,50.460943513615305,49.61245312797045,47.748511561483035,2.5347882409512885,93.40296756996838
341,171,32.159541541618616,51.26748574451594,50.538870477235335,46.75383216414536,4.3097376752176055,91.51712008416426
341,181,32.43500754437421,50.69454768619137,49.9127169134235,47.31855875700198,4.71907356875435,90.26459324716724
341,191,32.11250100715158,50.870229647563406,50.056864486020125,47.23520882771804,4.5132430612862935,90.55714401975222
341,201,31.145035568953606,51.895409596486,33.165677561850956,46.43638017565338,2.586676169061868,91.18207052790227
341,211,33.550864428910664,48.158423006978495,31.105262951142628,49.914075252755026,1.9359859773472174,92.35681740103774
341,221,49.738834010625155,50.16680726812843,32.56255370080004,47.93467833648458,2.5785102881053916,92.51109792008164
341,231,47.31143328682384,52.56865114727164,34.08208771585307,45.38914158524425,2.787516731755655,92.52616480188784
341,241,50.47943247796862,49.39774065583254,31.866357395662355,48.57719372917105,1.5844724986780447,92.46243608157118
341,251,47.718370825605305,52.15817153450788,33.65742435524639,46.06674280637799,2.0145614299670926,91.74192915994044
341,261,50.614990919630664,49.258580955149604,31.688933455257896,48.8591961727524,2.0516298310430425,90.93198147243837
341,271,47.502819650759534,52.281988489094246,51.277754038296685,46.204898252163105,2.614003301552054,90.03745495293148
341,281,50.14811486780043,49.62785290601434,48.7073781674182,48.45987976223471,3.0666678518800854,88.20319790657447
341,291,46.656549303031234,53.11880614674783,52.06841698124006,45.572075111077446,3.4039518404756572,87.44603033609818
341,301,49.07702351624103,50.68958410039641,49.72379922532323,47.92499738219272,3.590434364984673,87.96098773306265
341,311,48.808334415182955,50.94232389186637,50.04233112658324,47.72143695969903,4.515482570298623,85.21697691874718
341,321,47.00148453629231,52.76506195155014,51.802288261665595,46.06341217235203,4.836570694731393,84.50731420931433
341,331,49.19560953800064,50.56254577644819,49.68058697192371,48.026042896227416,4.530007194979179,86.1925353328753
341,341,51.375110618732954,48.37455351348453,47.54906989015854,49.953126764299846,4.6690141739485655,84.92685447402313
341,351,45.77821740770578,53.99243188037822,53.056185913694684,44.69274928358255,4.628957843065722,84.38032410787898
341,361,47.75485929426452,52.008165465017534,51.02715091709307,46.40411260339737,4.834867626717584,85.79741271989346
341,371,49.721396823707806,50.03391107899227,49.15529607031737,48.16703753631364,5.297518823761177,85.75024827965628
341,381,51.67396747362891,48.073543620756475,46.93717724626005,49.778217567266395,5.206931507312936,85.25026903834704
341,391,49.19110686553277,50.55757565479935,49.47896775407401,47.40295554960559,5.8403486688348565,84.49147555830749
341,401,46.81786639973286,52.95506211505199,51.57381375969994,45.57403488504283,4.9671512950811305,85.09001569306506
341,411,48.57782145171618,51.18834223789827,49.5600949145398,46.43974402437222,5.103685011286756,86.57247200926848
341,421,50.32789966189613,49.43141754425871,47.91519264941895,47.850382420903756,5.760785833623376,86.30662326221962
341,431,52.06526310252937,47.6871347238804,45.55234119661471,48.68051281537032,5.582461546744105,85.98767616001965
341,441,48.35428653861612,51.41161020815622,49.152241517182205,45.377889119089964,5.852614210913356,85.48978365685814
341,451,46.42797709301581,53.35698512364674,50.94487763892279,43.60191259721425,5.564600898162182,85.95267208117417
341,461,48.00284641010851,51.776345350904286,48.89559166047678,43.725988749196496,7.8362068616287335,86.00747152088046
341,471,49.5708360057342,50.20250426045463,47.404363347170374,44.83386888021021,8.398494216026501,85.8325998450973
341,481,51.12984817618217,48.63756496679155,45.82969001852949,45.929446839273076,9.056640935992966,85.38488065395342
341,491,52.67780827774771,47.083607685578286,44.46106807991118,47.17065821744198,8.533642267044241,86.63598363648295
351,1,4.194151697878575,94.00181870518675,5.488295789894022,89.6931921366909,3.5195593154430873,90.41764597118244
351,11,18.96010899941013,66.32902919220247,13.25805629908801,56.182829381231436,8.283518437950823,60.85204930839095
351,21,23.37809326444265,56.32650551114921,18.833194545470604,33.127224154677606,17.358996327417426,66.22521054348111
351,31,24.65443021640696,53.33511296089522,21.958704453029245,44.90957059033051,11.49199314480477,74.80750390414154
351,41,25.09110777103866,52.16595074422033,29.844428629141955,43.90676130245604,8.09314576258162,79.78624416476721
351,51,25.539848465935982,51.29437110393022,24.44593794269731,44.570497976055236,7.199168157105657,83.45460741652218
351,61,25.602054348556468,50.890452929211925,31.1003176610721,44.26318834648952,6.173492932894361,84.82280942537749
351,71,31.534688416836726,51.2997628415942,31.941495924979495,44.79212189213807,5.020101625846389,85.72145092271231
351,81,32.37554141154623,49.9282284679227,31.283691062448277,45.783884963040464,4.642593353729174,86.98419952938625
351,91,25.84264091338797,50.792692551955376,25.878577559486164,45.488002779235046,3.82705752603303,87.65528932895548
351,101,32.56428771952787,49.49671597123883,31.470512740783935,46.5289694777488,3.569912064230031,87.58994642781786
351,111,32.88939734505792,49.34837930446584,25.402668779105415,46.61485852541315,2.2986689046307123,87.83253657078414
351,121,31.515012796665044,51.03411241967106,32.54249905959445,44.59231139716312,3.196696168300371,87.72264397546394
351,131,25.901483484834092,50.63515920570545,32.327588413117645,45.571544525936574,2.7577688046982516,88.61533257949286
351,141,25.636033905249406,51.277279004604736,26.514192283771283,45.021614072901656,2.3009619020631114,88.87317421402942
351,151,26.46852523692734,49.56388586557104,25.657568683360942,45.7931396152277,2.5670885554190512,88.06176359579185
351,161,25.800753449254525,50.30383190659813,32.15681880143356,44.806811450554044,3.0825093873007967,87.85977100819397
351,171,31.339084221647433,51.369936850382146,33.09554980427989,44.16607670664047,1.4649317834758087,87.7494538175467
351,181,31.833673102179844,50.89307962304224,32.649433758754974,45.246639609210405,1.8591082604037519,87.63247512867373
351,191,31.89299930570711,50.97368003051294,26.368867379834615,45.17399237664865,0.8138666704650163,86.76317131942544
351,201,31.358660899937014,51.79933061962675,26.84763407431039,44.36430082273415,0.9069012480907569,86.29076437772605
351,211,33.78549930423546,48.04953197112805,24.929325173454288,46.85109633872594,1.8046638456089972,86.28668983009989
351,221,32.48096525666094,49.86199632994099,25.78334707144514,45.0148901247267,1.424381550609256,86.67775047117054
351,231,30.750605407937282,52.14043110094339,33.23727633852964,42.60266136370582,2.5225089911307355,86.661014260767
351,241,32.81044450751482,48.917275723198586,31.240448233399533,45.45058770544329,3.9254912844400622,87.24985551203937
351,251,25.068712167687966,51.5583875423576,32.96478164352594,43.16614692389828,2.749264790860578,87.13087721786694
351,261,26.58708076254071,48.582489235208804,31.044480040854268,45.95966575942623,1.7983471103575355,87.43790490865088
351,271,25.388730221376814,51.424747371296576,32.73951421403349,43.57980028557282,0.6109438205180194,86.80508949607238
351,281,26.799584634594588,48.671456898577055,30.817534145121016,45.77568532613178,0.9777308001398092,86.85993310837603
351,291,25.25027630001287,51.9737827471705,32.79843035737366,42.975345261140866,3.5786595215313235,86.5540072673464
351,301,26.550336219206162,49.432438452699316,25.113489721551964,45.11767351258444,4.716837445568319,85.88998085395218
351,311,25.950234089545464,50.24061409462227,25.598567140941995,44.12489288245985,5.134422308351971,85.74953835155338
351,321,25.448505075809592,51.43046168039584,26.365246079527715,42.86341119894785,5.3606479190973895,85.353596289904
351,331,26.61017745827305,49.12189084075111,25.065349255706543,44.49066971967731,5.622577613090228,84.14807545255226
351,341,27.759256712798248,46.825036643064024,23.96119931463313,45.77203527303283,1.6468265874940862,83.92670218875567
351,351,24.30496954669569,53.02813325904297,27.006251581799333,40.28531645278028,3.7246461713970462,83.63454928281477
351,361,25.30861264856779,50.97631994171014,26.047867639798945,41.4624054529774,3.3868127755613013,82.3601782279934
351,371,26.301201899646575,48.93198892754608,24.853971001148636,42.92999116783524,4.01808261814024,82.0045869975328
351,381,27.28046325762356,46.89903552157002,23.901838131471223,43.86335932440465,3.78379236053839,81.93130816766532
351,391,25.418009488463156,49.84446178478941,25.203570347923897,41.068873227724396,3.762877944121196,81.48862100802172
351,401,23.62615690471579,53.091727000581976,26.751414912523536,38.71375020882812,3.7540963889883203,81.49626044278318
351,411,24.444705698996327,51.32248237107968,25.93731768383452,39.67658000135162,2.8709699533288604,80.57747631510861
351,421,25.251752289399356,49.56063098246106,24.905217938922338,40.8370958240029,2.8703352449702835,80.1141895569076
351,431,26.045744869728722,47.80876816911632,23.900932308578106,42.1897152523626,3.0988607998613587,80.05118872697116
351,441,23.812459378241297,51.593245333755156,31.797689502406406,38.89954495538576,3.084339895831588,79.831751081899
351,451,21.704974201731794,55.37181589080503,34.24776067394228,35.94416792365835,2.7955073044935648,79.6140680434016
351,461,22.35735225486298,53.86962394391417,33.22734483332781,37.353516103153524,2.8879871890825677,78.33575830244702
351,471,22.99992506403639,52.37223988506461,32.379363929087866,38.18598387806823,2.9513813093741335,78.12093914861427
351,481,23.63164092575603,50.88138525414916,31.472063264271792,39.0217945567027,3.9959690558558294,77.64978616956715
351,491,24.25147244412491,49.398751503867814,30.48561939196553,39.98013793806251,4.3663117507905875,76.53563126148677
361,1,4.120974778447136,94.15114500744596,5.515712088765144,89.74045695319727,3.7409450119335186,90.38636120126402
361,11,18.729327553072764,66.87427363590326,13.38911482815507,55.51688758188595,16.699852803097702,58.78787149182354
361,21,23.185664371633464,56.63579024686517,18.805898028843444,28.936524528505448,17.30079641044382,58.38865743650589
361,31,24.49742555300717,53.524206693936094,21.97542224118067,38.84553516788987,13.291730821232917,63.03383131131801
361,41,25.001895493267455,52.247113686755995,23.666481059361306,37.74974052112785,13.53101078597346,66.32859017906583
361,51,25.341478156437887,51.39746255401815,30.652888223076,37.23898314767142,11.850127176436205,67.55758924974162
361,61,25.63611756438559,50.872203190215956,24.960487191031252,39.00320131841933,9.968299268399319,69.75145452526777
361,71,25.279424038120734,51.326482024853846,25.50318745033454,38.538458138089176,9.056184294194287,69.8801439999324
361,81,26.139783346588047,49.844126373824324,25.17371474154467,39.633687209824416,8.278473391934467,71.20094961461749
361,91,31.782201225663098,50.78257722869503,25.78047379404803,38.340234779026005,8.447524463484326,69.7069222246258
361,101,26.202210857228682,49.473235504557394,31.394699498043867,38.881901063280615,8.337851105917734,70.49567544075049
361,111,26.39438249891148,49.40464329262518,25.396258568907328,39.35448970644989,7.680241996980046,71.47873586430146
361,121,25.466228105587508,50.904241618163596,26.101605868270934,38.873804696273254,6.319075576201404,71.91392051812659
361,131,31.679031842929696,50.78388558593391,32.61495724318917,37.03529166900327,7.973750754518812,68.99113248890278
361,141,31.434695290712984,51.25619883517536,26.323497799140945,37.577458667601846,7.0941824344852025,69.04443359459097
361,151,32.618000013182325,49.35013379949826,25.51179046872114,40.363391217384375,4.996732478610768,70.97114855821891
361,161,32.084724048034154,50.0857768062805,32.031578571766055,38.94196897217128,6.433237745105624,70.61044153812294
361,171,25.195568112708994,51.46991389934152,33.18289130483698,36.55122295817533,7.43559201300613,70.17953844264828
361,181,25.4495083406659,51.11274626578257,32.89669768249578,36.464388885159885,5.11101137936174,69.97447544753828
361,191,25.475828640282277,51.085573328926806,26.450230010733257,36.87200962779956,4.806921735589677,70.56726966326401
361,201,25.139886575046017,51.64002549770711,26.836992136968952,37.97926143815182,3.73645382123087,71.79123190471789
361,211,27.082333557636808,47.86871434099537,24.91788136636047,41.642161506514555,4.8065821969191385,72.61074610316763
361,221,26.16183545539744,49.450257666109636,25.610618463530177,40.231414239320095,4.312272795151712,71.76880812234555
361,231,24.85677539753536,51.754665739982954,33.278576654893904,37.84744656339873,4.38365613653632,71.78359951688904
361,241,26.510684419551477,48.4962165568045,31.29514325495745,38.51690498275998,5.997840161969351,69.61664437899596
361,251,31.07588687194883,51.42401261320963,33.15737545557529,35.65140482349013,6.411084018294516,68.1454209750626
361,261,32.99503895649901,48.42368631227637,31.23064121437616,37.31660360481111,4.6683924956237535,67.26873622574652
361,271,31.06179373565495,51.59585014603031,33.11790680996518,35.093673605947565,4.448603733573574,66.87924614832087
361,281,32.82908019493077,48.83030736992555,31.25660929757206,36.81825140631263,6.03482119993534,65.97694554889785
361,291,30.64546067809628,52.22514066915704,33.373741449910824,35.18711354556073,5.370162230671008,66.3021414856305
361,301,32.261733704962076,49.67532806646276,25.35999510663633,37.86554949742256,5.327563565088369,67.23758404170745
361,311,31.940854586036515,50.392732085573435,25.904082601094498,38.29276458354358,4.990502408513961,66.27578786226319
361,321,30.9851646992287,51.41829917145476,26.54372216357842,37.42964201532449,4.977669776797288,65.8302591127474
361,331,32.433055796390455,49.092107703741924,25.27758788781651,40.204552293732675,4.5490171760693405,67.43293704197784
361,341,33.86962653097596,46.776033864383095,24.029362767326447,42.44659834883603,3.4404170946988915,66.03774464736678
361,351,29.933744152611602,52.588167218471504,26.93254220584178,37.85240908489707,4.023252560344985,65.46385293253182
361,361,31.19710738272173,50.506434359788024,25.69905719809743,39.30534701072173,3.2674915020596385,66.38629567708392
361,371,32.44990783728889,48.4314803108683,24.529992772710557,40.83546106401818,4.337594242859357,66.29802050384079
361,381,33.68941316901778,46.36730243018054,23.335901357428426,41.59669397631558,3.8598756441429236,64.5638848348011
361,391,31.98438774758756,49.157040088174526,24.564921869142438,39.29915516134329,3.286693224036231,64.34818785671354
361,401,29.563713983907032,52.35323676441425,32.68074058740746,36.776135015344884,4.1759414561406425,64.12454403167241
361,411,30.61439409531784,50.547768187594734,31.627449697826982,36.83587538728168,2.5484861427021546,64.9593746618701
361,421,31.65329780265186,48.74931263223248,30.525781735392787,37.91995081287365,2.8101599245721816,64.69915693344143
361,431,32.678539738488084,46.96055067456052,29.706348330045273,37.938507364894775,1.2153667920846487,63.53443259302621
361,441,30.243065077821495,50.82776146675918,32.282801468128916,34.82320023772072,2.7804410056119595,63.62541987100314
361,451,22.203711588469332,54.82333069466978,34.7823617420422,31.796542283904962,2.6555931677064537,63.23189844962164
361,461,22.90795515434091,53.291696248050826,33.88918546501291,32.128028773589485,3.8731678092508535,63.82072953095685
361,471,23.60539952983996,51.76413946514613,33.046005241484316,32.78390879215747,4.078562867131911,63.779146507666674
361,481,24.295028331075493,50.24241430896337,32.15833483147741,33.44728750211179,3.2113839829724022,63.53858237930462
361,491,24.975842920000254,48.72824823427998,31.077870347471254,34.49123776631892,4.3394912120777,63.66068458577231
371,1,4.052932181886944,94.29316657813028,5.827848521895474,89.69769155227834,3.4365636204836307,90.37450142603038
371,11,18.40593575253589,67.40904839240028,14.196152744650295,55.37673396790013,5.92387725030263,58.14971082501593
371,21,22.95471352146368,56.95391653763533,19.00922790809436,25.355041276006325,21.810364790128332,49.78636709397679
371,31,30.527113410883473,53.69658345704536,22.020606279727435,32.65426610162396,19.31975003106591,49.01839704850303
371,41,31.025704098003704,52.36553625932451,23.675174793406228,30.436430082363326,21.15917838890775,47.5819040822107
371,51,25.400013113815,51.43779244256167,24.45312978545795,29.61985606005725,19.193386587488767,48.493901505007855
371,61,25.5033766245005,50.968335297581056,25.036340295800823,29.159666711915893,17.75716135229394,47.99614792514883
371,71,31.544750163869338,51.312135192753374,25.50106677345808,28.502893403264213,16.709118148796822,47.496788970898265
371,81,26.12044450425409,49.91602023404313,25.1377940270818,28.7789618199845,16.74223614769086,48.13375776048265
371,91,31.596309485139113,50.900737515991025,26.05079449193305,28.522108081263532,15.374824440093448,47.735595999751524
371,101,32.78505347181416,49.364492760421754,25.159783128823822,27.305717208834924,16.95342522053042,44.59169535463973
371,111,26.202758903365886,49.53034228760255,25.56899598417778,29.17379508659203,14.917625700748482,47.509166806235534
371,121,25.799570276748252,50.77175893489694,26.02696070637409,26.85217600899345,15.99214137213437,47.22733325911145
371,131,25.58156184084192,50.74885583672959,26.405868080235344,26.869437552101267,15.198757935094125,46.86953088905877
371,141,31.36911496327295,51.42432409598957,26.645700408790223,28.340703077197293,13.313331848931673,47.35156358316724
371,151,32.81137839441695,49.38755289682298,32.06116737949758,28.439355025303158,14.70929297657267,45.271622151260786
371,161,32.5367105020185,49.8546424683338,32.30296425989893,25.944988993594276,16.434398058099315,42.8809740476388
371,171,31.2837915213871,51.35025332590926,26.855870244916925,25.3307089659752,15.392142237329898,42.848516455888586
371,181,25.28417321044447,51.221622329600514,26.914388728088205,27.884890170605846,13.208912083464588,46.460861497840575
371,191,25.467437218833023,51.31402220375222,26.689919257235236,28.389655892239023,12.62252531358957,47.36745287099417
371,201,25.398058174681324,51.74607671318638,33.50600787853402,27.730409437447406,12.856800654590847,48.21348123928014
371,211,27.37503661705499,47.972560283346965,31.209007517489447,27.73039946895176,11.09206259986998,47.21859145356486
371,221,26.702868337913323,49.26835030206048,32.0635251095354,26.06000802778275,11.384514020985268,47.1424738461569
371,231,25.452140572862763,51.39305635196203,26.499160968687946,24.201015372575373,10.702782462923187,45.80573692597509
371,241,27.15188813575744,48.10735524353917,25.021155040442018,26.393498294135533,10.134070311236421,45.44907748755869
371,251,25.3324809287494,51.143767086413995,26.674691326688706,25.80596747435251,8.335526622491756,46.16558781706278
371,261,26.878723053106057,48.12018581219091,25.178282923412276,28.681631416370557,11.748608193943179,46.44543453546092
371,271,30.896330623274302,51.62482321481564,26.864483585350207,28.04827333530571,10.064015974644315,46.498750299114086
371,281,32.66343310723723,48.8478056891068,25.19801961630429,29.703096242604214,10.49172167539078,46.09331982471629
371,291,30.68403365807466,52.50495555930127,26.98581899525031,28.517481745563973,7.534487378282467,46.61926441490042
371,301,32.32081914241197,49.952287251988636,32.30604292647327,30.05093691441811,8.088593717384535,45.627128740342556
371,311,32.01027867747644,50.683108671499966,32.99949842578974,28.975804628598116,9.747638843726161,45.363809898159595
371,321,31.434953233330166,51.626521153753,33.72703872167083,28.524723797510042,9.425654475676492,35.9344592620829
371,331,32.92942224740599,49.293390601798876,32.288691413455865,28.418414781161754,10.392405893213162,33.67463118131275
371,341,34.41542425516666,46.96854663794666,30.605099369604787,27.929186153737145,6.704185609786914,32.833382953980376
371,351,30.873231189677586,52.413069073838294,34.253605228364584,25.099682320612537,10.336372297912485,32.666632544457805
371,361,32.20424367291988,50.312617424535546,32.4797134375362,24.7123539433624,6.4787807537594775,30.18101343165031
371,371,33.5274200485262,48.21805081515694,31.28313025071939,25.514718193416474,6.697075981849288,30.23966487892928
371,381,34.839996666105435,46.13342360475465,29.467023895185378,25.532119654106612,7.123735284564171,29.81453041920719
371,391,33.14477500333918,48.70593402428891,31.225941694958486,24.17888820829979,6.614017524987581,29.603586651625907
371,401,30.922934530238997,51.751623637489686,26.169444479028055,22.42057566970019,6.187586416532257,29.289591721165614
371,411,32.05260307309861,49.91660972676423,25.15396320135148,23.480417312510507,6.612581260419381,28.396547638718417
371,421,33.17290810506047,48.08831626183326,24.112768869366786,24.314120463821286,6.6166422215642315,28.446928065928446
371,431,34.281928279150705,46.269497526711106,23.683761874474882,25.911470125010975,6.742664299708048,29.45372964451871
371,441,31.669249448247104,50.09510139615267,25.405008285848506,23.997062182591062,6.040283142056691,29.215436739877738
371,451,28.703554896312067,54.192135277187894,27.419786129126944,22.104352189649113,5.321113943316697,37.48003646878315
371,461,29.623738007042228,52.63153635049961,27.10261748672372,24.089382890118248,5.244758591301901,38.152648029877696
371,471,30.536021480430403,51.07456157564384,26.301373193951104,24.90312521712855,5.141411485409987,38.28291272882271
371,481,31.439112781412526,49.5230028077585,25.454293854624005,25.76145294462006,5.070720307160589,38.32180048555759
371,491,32.331740791310516,47.9786281259842,24.907203823006764,26.226303143200326,5.205863631016009,39.42168042467638
381,1,3.990471042650313,94.42805562756969,6.63193337744311,89.92105418843072,3.3195951432954014,91.06768977514822
381,11,18.1992551077699,67.93313568875233,10.885133616627261,57.67025930914268,7.951565937006236,62.54991412304809
381,21,28.929377681934128,57.2701903387733,20.565980535659648,39.28985101785129,5.7293368953141375,28.68815048024714
381,31,24.27814358983095,53.87354806829367,23.137956369695615,33.649063653836755,9.074236007970862,47.775063615406424
381,41,24.712280833283696,52.4778926851741,24.573969471159646,30.307392882227223,9.056348485574095,45.75608645346878
381,51,31.383866303677,51.52153219628622,25.336624148477473,28.310910855173276,8.855882676851596,43.92731285391996
381,61,31.713265414234492,50.97634015412208,25.64008710373274,27.176095064976895,8.892790482266676,42.77582682411792
381,71,25.15509400182512,51.4097718457568,26.402117819444126,26.37073382179799,8.63952463234189,42.17681732791581
381,81,32.21459250650198,49.96540372114393,25.991123754077893,26.73695582301895,8.109720127344058,41.82631549323405
381,91,25.566085126790313,50.85694109441344,26.649551628238516,24.972559898775,8.276558053702605,40.68228305086725
381,101,32.5704090092642,49.44400026701129,25.896565458019545,25.891650506330453,13.527621402060813,41.60782159847572
381,111,32.531617367208675,49.46783825760238,26.239139980980536,25.644097578726054,12.481793841015035,40.41488695400074
381,121,25.59237624338506,50.84662262912033,26.829503458535086,25.231794493533627,12.21471404799538,40.75637633803409
381,131,25.748704520396387,50.58931032530884,26.93433916275642,23.667568251612106,13.776815862532047,39.51433641502727
381,141,24.99556662227054,51.51723649570844,27.577262824185173,23.806575496083003,12.872598974158134,39.93625338277587
381,151,32.42388040840976,49.567822303446064,26.42237033125318,25.25371889096156,13.163440159276687,41.03806167035791
381,161,32.366157566456195,49.82416950345521,26.41242376178365,23.81081444015947,14.13520543558579,40.38621293722221
381,171,31.486266344675514,51.12626836515417,27.38151323633201,22.55573153899515,11.382704480089965,39.288926223467094
381,181,31.35427250949513,51.12075777664177,27.64445967369448,23.40186123163334,9.679506533881414,38.798139006126
381,191,25.103780408091254,51.44328522855442,27.672918128462882,23.82092918343251,10.267157022313308,39.523129951757234
381,201,25.023001453880212,51.97045718477376,27.89103898711373,24.161976509275448,9.929419277957232,39.9805426049077
381,211,26.984241631564455,48.2032242794037,25.903916453658844,25.318932190819275,11.102095636084911,39.59096515718713
381,221,26.502255828796194,49.332449751978366,26.25716962027483,24.049646175212594,11.803747763442683,39.50396546503272
381,231,25.51410304251926,51.18007034399747,27.338579304486633,22.30468539615494,12.163242809802968,38.02757526642674
381,241,27.228135947682823,47.876933484920464,25.77965393005152,22.97285555573673,12.958908378826772,37.227312645230555
381,251,25.56095994660658,50.806339788228385,27.390719433849604,21.828909674337318,12.19368591045535,37.9137468681084
381,261,27.126860834920706,47.76122608523469,26.00492703350558,23.62544107913445,11.673685624887572,37.97862091773716
381,271,24.975645637283268,51.47414643862784,27.985438680112097,22.766739483378444,10.304717902353095,39.06355798259375
381,281,26.395027893517824,48.68344629177532,26.34253966919478,23.92736361923612,10.523263309746765,39.10770803494138
381,291,30.22241285219011,52.68448044360553,28.33187250465719,22.99405666789913,9.461792248453758,39.996062781135834
381,301,31.842379679909723,50.12938027399137,26.966347576955712,24.52113001217946,4.964173047203057,40.700505086425686
381,311,31.408009519458354,50.97270836709544,27.268062897927813,24.00802777432896,4.977538250854832,41.581664697705534
381,321,30.890429725644996,51.93917726536753,27.37699773694092,23.566665255049095,5.09519424275069,41.87973774278291
381,331,32.37433977831931,49.60565772903625,26.23482183015828,14.02969523211878,5.238794264095806,40.969634080753146
381,341,33.851734581407634,47.27860642624437,25.045857429354175,24.03385065874189,8.062736655390337,41.011356337704655
381,351,30.555294239432996,52.480609189492256,34.831112051539726,12.450703720030731,9.072648303893486,41.34041051946568
381,361,31.89280068676799,50.3714303721498,26.448429446200773,21.641674527250927,7.845261629147758,39.296169896405566
381,371,33.22476249116141,48.26702605715195,25.264968372781937,12.286743516568132,7.840668757852219,39.21881686190499
381,381,34.54848399186364,46.17146258485767,24.43620558989203,22.54329315154735,8.094760325841921,38.77645818840892
381,391,32.98344567846076,48.5189787649922,25.388838551007115,21.505295746023904,9.827817381183088,38.88049627367164
381,401,31.10311772230044,51.35283866241368,27.228593445312804,10.863774203772504,7.1228157498199165,38.96435965011967
381,411,32.26342355684854,49.4963164843211,26.0528429797107,11.276297893235515,7.173313627494229,17.296656636677362
381,421,33.41662682019763,47.64617789610784,24.97327478699992,11.760700729191322,7.021786050842671,17.27905284400149
381,431,34.56083368230469,45.80523133495761,24.50308613593891,22.795472208190358,7.359964130269509,36.92887623667059
381,441,32.08823956447695,49.48561734793219,26.028960448166576,21.31964566774892,6.547907498542132,37.16524931958885
381,451,29.338721275186803,53.56627995574274,27.918247355295673,19.70005333643711,6.054643824068629,37.21266611949957
381,461,30.303695084828604,51.979504851726496,27.596040270459337,21.04356269024315,5.690420067610307,36.14827634856398
381,471,31.26274798885737,50.396112333084716,26.706764393718213,21.740015928840354,5.444139576157648,36.21156601266395
381,481,32.214600248634255,48.817933444688244,25.776648527495798,22.512555406593993,6.190839696118173,36.211984239974136
381,491,33.15798942588145,47.246777520169125,25.384544165978575,22.9663994378333,6.659066117716236,36.209361726149034
391,1,3.933856467062486,94.5571017055185,5.63714673819687,93.11565504343172,2.8618346255625955,95.88664325049623
391,11,17.92658458182259,68.44629990307693,10.493438082488394,66.62712956254548,9.121126022078354,74.2928744977346
391,21,22.615332864772178,57.59203245301914,12.11407982578868,52.47410771307902,14.855675153732989,69.8304891740521
391,31,24.05248104010505,54.053730073080516,13.129332074905864,31.872663806100356,5.317975648458004,71.86907207887452
391,41,24.641211837194106,52.574324963983145,13.328749049611147,45.07460788503198,6.912591052437063,72.27111786796114
391,51,25.044296735488036,51.59931561024958,20.548204705067192,43.6310977660698,8.430247458997947,71.71526022453546
391,61,25.296607180162894,51.064328536683675,20.78322122710215,42.42444765457571,7.811717890926515,71.18943398847478
391,71,25.098258344466593,51.386876786990534,21.14875770166839,41.29211265739847,9.574060227565038,70.96768376187762
391,81,32.057109958676314,49.92791195022945,20.835488589167607,41.27942245205397,9.559902446542221,70.15590873916958
391,91,25.33542324297467,50.841434684167616,21.379095464025525,40.194904155704776,9.474650516671295,70.32530892118844
391,101,26.018420549651587,49.52217185279059,20.785631098932804,40.634475539032195,8.799796124811504,70.02371049555624
391,111,32.28341540432241,49.38952353380085,20.81408347689737,39.96875485376229,8.627641617405377,69.45777483155146
391,121,25.25563735078417,50.971468815400975,21.347182555497923,38.4847460965794,8.567228696390806,69.42228409022934
391,131,25.395715837512956,50.56613821241862,21.376888529556123,38.793355644578575,9.08240593641225,69.62227346727396
391,141,24.98288369352491,51.41567958618638,21.50191135187112,38.07445208705325,9.094651870084967,69.69974460082473
391,151,25.91185366371342,49.63543864742242,20.59056184201995,39.06876352018687,8.957551510623425,69.43845062911468
391,161,31.82531383095601,49.97867440055741,20.713999102532565,38.50255549400355,8.922749542671598,69.15490839955916
391,171,31.037562042671695,51.006874287990925,21.11138845214005,37.283407585021386,9.04147888063456,68.77742399270306
391,181,31.14926868526588,50.912186366136055,21.40164255533423,36.95523334355102,2.5375415416747846,68.64806729169139
391,191,24.945359409423627,51.37578377872938,21.476726538244996,36.4576717794868,2.634242017621831,68.84641462017717
391,201,24.590914127291203,52.12746571162913,21.589960121807135,35.72281367492755,3.1627140737121673,68.73065990870035
391,211,26.52271871847321,48.36481289083673,20.30642568504481,38.65486067731847,7.240918865040389,68.80389721904356
391,221,25.812144862031534,49.54370378362033,20.519671920631634,37.72717305888858,9.619389767465147,68.67590667101099
391,231,24.803352971916564,51.180772021691546,21.369853109461552,36.540880005694696,7.387516099002451,68.73315749203276
391,241,26.48489941211123,47.871023080697675,20.504823053773336,39.18050777186649,3.808929043124883,68.66509338127051
391,251,25.09349294025935,50.54490209762803,21.45015399689402,37.08333471713259,3.887494577367262,68.59272322090916
391,261,26.64532410149971,47.48291128715822,20.253395821854426,39.220038055785174,3.7798869454153117,68.49425111516473
391,271,24.878192007568195,51.199638200414356,21.556730974584703,36.51599395968637,3.608328532252994,68.549687615521
391,281,26.30140645699173,48.393191210261776,20.22623241890086,38.485569321774264,3.5133865703732003,68.52013044176223
391,291,24.14573969442286,52.693138093556556,21.475969093998373,35.353298485047134,3.320625884964489,68.3947265103759
391,301,25.440499997640607,50.13250368861023,20.546716552078507,37.101447443305005,3.1190958105919004,68.22041668847967
391,311,30.86086012139911,51.14719685012459,21.01457864756068,36.22708878459543,5.574379733109523,67.99186250757487
391,321,30.023648833330306,52.232182623588955,21.259312497594802,35.14347322648905,5.602355448900238,67.7148938023913
391,331,31.47476074150949,49.90031602148592,27.51856310098166,36.73781297882962,5.102329427301324,67.28739841230535
391,341,32.92059068412409,47.573375454592416,26.74047504247909,38.262548445210534,3.747190561307586,67.02423919693771
391,351,29.243738631813788,52.72292327468018,28.954478275020033,34.04477052963562,4.202114980618511,66.53253351531686
391,361,30.543145733929844,50.6123359989584,28.24280884518768,35.41910954799179,4.039608943433876,66.12175493227537
391,371,31.83941456586738,48.50525678188829,26.95041432693051,36.832875709614385,3.4147741484708423,66.0382029832641
391,381,33.130014106772634,46.40572876362808,26.252475767500155,38.247239333456555,4.697531092670206,65.92622927781761
391,391,31.568610377684315,48.57305973024604,27.008783445764116,36.43104039402206,4.727277195152778,65.79559308455975
391,401,29.83223759171267,51.182789296835715,28.22462994066633,34.39813354033807,4.584190149550163,65.73991689113716
391,411,30.973190948431295,49.31278232321002,27.479290729628925,35.64472285986918,4.531307825672338,65.55833431672437
391,421,32.11005035785441,47.44867189063749,26.336567818696246,36.87272296179823,4.100401229027164,65.31276776500712
391,431,33.24104707983514,45.593296770209705,25.974796841451532,37.95720549278638,2.1094811149243338,65.47954279609735
391,441,31.095434159270585,49.059624616419384,27.398627101515828,35.58984230417901,4.852307079635409,65.57610387479224
391,451,28.761207933208006,53.02051183565569,29.01307939527139,32.97552906612692,4.977936922385673,65.56826308853816
391,461,29.734823931133896,51.41191295645323,21.323366439932563,33.69631207382498,2.590793255191393,65.4102610879417
391,471,30.705035280716146,49.806575131528305,20.436453015192875,34.71940105453114,2.106702724268632,65.38027213866191
391,481,31.670628166726605,48.20636542180725,26.930716418307377,35.76491251531005,1.7123211908554952,65.1504048094847
391,491,32.63040012805003,46.613130797772875,19.214566976377608,36.663025283384115,2.0748521988473807,65.14167577466529
401,1,3.875973550993364,94.68259073727768,2.346917163550533,94.98263588213402,1.620422398328842,95.85498333153859
401,11,17.685946630407987,68.94847668779175,15.755175867841285,68.18220967803288,11.598883231053314,67.78768254755623
401,21,22.42026944360606,57.914816662292544,14.28566114586936,46.21799957733963,5.980489837218687,57.6900934756886
401,31,23.909224485846412,54.23693927811516,8.704095500639212,38.80916604080579,8.749736569659175,57.91527021109908
401,41,24.560060843192677,52.683765816834395,9.71338532769234,35.624898967941554,7.290086637644258,59.249240691133764
401,51,31.184795852511915,51.656678530177594,25.574203001294098,33.23511900935448,6.800686311597732,59.265056773071066
401,61,31.444229862291323,51.08506217236306,25.6407430975023,32.474670988982076,6.2388663293610005,59.65262425226177
401,71,31.134130526895802,51.46962344457135,31.743079108787224,31.839221573422392,3.7998219951204817,60.31152158393039
401,81,25.77121621789884,50.025275374208015,31.043633097513982,32.080311303678926,3.7129447100203197,60.89321590420068
401,91,31.396015123962297,50.946300600523784,31.771198980394654,31.321085337829004,3.936420272181704,60.53489356104025
401,101,32.31580374817582,49.44807265464319,25.37457926259159,32.218485563317095,4.710508433224203,60.39986552993265
401,111,26.025919244972577,49.48770329768411,30.951055400150384,32.037908587675915,5.151583648099063,61.39406787305646
401,121,25.21910911872433,50.92596097707358,26.205236571568435,31.124175065737436,3.435043604975348,61.22543199178122
401,131,31.493888450147118,50.700244671887816,32.00139764046467,31.114541996452584,5.1709422578360975,60.41625899654961
401,141,31.034535035942767,51.292317616301496,32.47311360021718,30.57824157232918,5.161454410874035,60.119971159334064
401,151,32.159969647662315,49.52164213989942,25.542812701087698,31.651375924897152,4.883940295143115,60.68073063145025
401,161,25.671636914916085,50.11012804012837,31.836350878817328,31.34116690286808,3.4916146321242896,61.43956832423937
401,171,25.117072084689585,51.0832722767348,32.26815263914965,30.581235418850973,3.214502230757975,61.378633407487285
401,181,25.215982844212036,50.78779700689948,26.477726902985555,30.59918510781547,4.491304322412796,60.97177594222476
401,191,25.002361966712876,51.18726881983283,26.756075239642,30.368257007938627,2.855657352511969,61.186048103615185
401,201,24.516815825960084,52.10732893288452,27.112908783559075,29.88283431912669,2.964234836897443,61.16034084967657
401,211,26.437107834443857,48.34158005424795,30.781398290244645,32.13599553158409,3.518163959808328,60.675911364090894
401,221,32.00053563607096,49.73410678817563,31.798168112623376,31.217831108867745,3.74670373350449,60.36388426000171
401,231,30.865574465440883,51.3499473150753,32.76430723559268,30.07298199920075,4.091311884671408,59.97984711351093
401,241,32.960882860239714,48.042166263614135,19.228855347562714,31.960219648012654,4.416270552819273,59.5203655554563
401,251,31.307308309950145,50.458533383712975,26.30430083124206,30.441872504343987,3.7847623480661245,59.52719275240382
401,261,33.24349650515422,47.387149200137394,24.969796070271332,32.276159572830515,3.7243413179952856,59.208707523151936
401,271,31.009471100934633,50.915749013445954,26.864749960939267,30.201756532538603,2.578877485563436,59.51575752708711
401,281,32.78256966872702,48.09427092424621,25.28668547576037,31.866862437835188,5.915987399311461,59.4654531920289
401,291,30.020470177012875,52.53491797667036,27.55225015155692,29.305550997465314,6.153636503559112,59.52937400219484
401,301,31.630464678438138,49.9648062951636,25.964962600060854,30.820386179563563,6.608259976646244,59.93589201036633
401,311,24.90161325688908,51.14693124652783,32.59076663488781,30.14305492370108,6.4012760233454955,60.11274016884789
401,321,24.279891567021735,52.40419847310681,33.400653953542786,29.357719106677653,6.527144588632449,60.1012778099406
401,331,25.45925202925487,50.072333830077454,31.94222924396439,30.662604447569574,6.260436193058709,60.19572091568016
401,341,26.63501144735819,47.74434548393998,19.494296670986586,31.929334391843767,5.4846359100491915,60.05684600479775
401,351,23.789816504124815,53.04122987319842,21.220764993568146,28.620335753729858,5.461474661122928,60.08174776886289
401,361,24.84778136871869,50.933107718925584,20.85593204270903,29.71806906209941,4.6579539530742,59.63804392076172
401,371,25.903219453306104,48.82721312095261,19.677010436792035,30.92060429170792,5.069171828045251,59.469275527619736
401,381,26.954057749155748,46.727547125504806,19.05243758327953,32.07058249709686,4.265930519996597,59.52537458517197
401,391,25.9171343549304,48.801909272972466,19.694210730354865,30.715900610894227,4.141802050691166,59.14703111147242
401,401,24.436844635968328,51.225642117046775,20.397125950250963,29.19044854622562,4.136333384356126,59.62565437505008
401,411,25.37006623088042,49.34902213700809,19.69276032490263,30.289006675434376,2.7966665614486317,59.287348514326276
401,421,26.299758730738066,47.477612884021774,25.371172237077534,31.3408213540066,3.553504737282355,59.038513890043156
401,431,27.224463259332794,45.61426000138207,24.544040203390438,32.504290620353494,3.497497795479701,59.75195315294892
401,441,25.71476374220597,48.845608193529024,25.9927126887134,30.594213512124274,3.5286379922107676,59.628952745178395
401,451,23.660063737687068,52.61263177986339,27.900556661398284,28.443284722740714,3.648928758636636,60.220472969854896
401,461,24.462672517561685,50.98738895102834,27.030230893629163,29.420873013217324,3.155096814643426,60.17849337708174
401,471,25.262647042647796,49.36529941556079,26.21751220194514,30.305761553924476,2.8579264421852257,60.19291408033304
401,481,26.058995050466084,47.74825873599396,25.384238620141176,31.224491737758175,3.7667234086588794,60.04168149730893
401,491,26.850733561204564,46.13814380098057,24.37896069353944,32.07440404389389,2.7267297070147904,60.38383905004
411,1,3.821919803766328,94.80209863828225,1.8070052417169653,94.47174298557799,0.6949064824807593,95.77873399417045
411,11,17.42168150533925,69.4395910160301,11.432081661522055,66.40767752330007,13.44967646682129,64.38355562734365
411,21,22.2575181147937,58.24058374397576,19.519901317786857,41.03942256507219,15.44000005398346,36.68256302012474
411,31,23.800888470210623,54.42313013882827,22.463819495477583,30.962847125398792,11.701588138346008,38.637037591446564
411,41,24.441589909425552,52.80726614067678,23.650372909461616,22.84486341258116,14.452538495585305,38.085714703683244
411,51,24.861099039301795,51.7568617619598,24.644265429245984,20.571141361570614,13.88470960852562,37.418181857974524
411,61,31.340981187689138,51.172391345502255,25.061051701437602,19.712707201007504,13.176475347984159,37.538612575531296
411,71,31.06176065534911,51.48249743308042,25.44426586324476,21.431576621683334,13.183127702279151,37.21936797971102
411,81,25.69986423878371,50.02000163656201,30.76977831184876,21.1830410244569,13.55651697263156,38.291026338324876
411,91,31.35198140196045,50.92098910344463,25.519636722376827,20.480182338809865,13.981512383386027,36.73084053010986
411,101,25.91285250590444,49.47801979829156,25.16940650434697,20.646143270795076,11.835094454563185,38.50321689656087
411,111,25.92251193263223,49.549249338940506,25.261999343116514,20.38414015195351,11.73786937225048,37.95426754211723
411,121,31.31721810680064,50.8417797497554,25.87860464196504,19.82874186404124,11.492572319431982,36.96614049475621
411,131,31.39968196992976,50.7568993519292,25.91852645159322,19.67038261976853,11.207697811017931,37.244382801986056
411,141,24.91980208214917,51.33232270614909,26.589308538647177,19.402312221988215,9.871780932876435,38.538803745539
411,151,25.91735281693029,49.41056876988094,25.219457939771722,20.0142403622143,9.691827857348882,39.86238991644833
411,161,25.56496791923576,50.070538556999225,31.680537325963527,19.641512881337597,10.390384352389383,38.7232324185714
411,171,24.95198122853118,51.24331379919804,26.708573237518003,19.167525304505872,10.600606983502486,37.69150222025818
411,181,31.213186956744547,50.845669790962525,26.45353062744541,19.311330385783947,11.532354883468907,35.52704261272397
411,191,31.07452366966609,51.05121765337516,26.220006439677785,19.21419408495798,11.025688399278598,35.916809453944566
411,201,30.52566765085343,51.94914030161557,33.008648610459765,18.793968803749223,10.161276438494617,35.76632658377751
411,211,32.92950648910657,48.17366579620924,19.284395672585756,20.105347443176303,9.412307276987834,36.387651495061135
411,221,31.909340147321085,49.77267443353459,25.906274260985445,19.467827649981114,8.421313280013,37.22506515896725
411,231,24.7193829085015,51.55446448487888,27.17564449815084,18.829524491407515,7.176657823064664,38.14216019742875
411,241,26.40163116484385,48.251779355989825,25.495077539179334,20.036620228801294,7.217082672637389,39.83877065168126
411,251,25.190047811054527,50.55513490518432,26.385016380165894,19.25123454191207,6.318426448103985,41.17186174576888
411,261,26.75727210682123,47.4820109624147,24.450562609656686,20.363415776892296,6.824406688995238,40.83331196416624
411,271,25.07294261548071,50.73831629413789,32.483721922678995,19.12942298063895,5.720306191683956,41.26217777220169
411,281,26.518135785354353,47.90590363141789,30.886027371977303,20.137581251702322,6.587332381112197,40.573213742716774
411,291,24.30443997016308,52.282604426968035,33.787100097269,18.42273255376896,5.555433486144464,40.53891636368336
411,301,25.619052847508073,49.700794534967386,20.318477671234643,19.308374901667243,5.198876086407539,40.20624582794648
411,311,24.894819384994953,50.985334270546076,20.86769899055913,18.83679180332436,4.861889611851927,39.06716193965859
411,321,24.21760081117985,52.40768374848943,21.2313125017626,18.269680396744196,4.468372915520082,25.039064967444574
411,331,25.398376240827048,50.07231998283726,20.171204455572617,19.169545106510864,4.82240780858973,25.513057748014045
411,341,26.576109087117427,47.74037097005768,25.067275741530633,20.0709607974357,4.972887374235091,26.7664916968268
411,351,23.58477980712074,53.33469239165686,28.13761931986604,18.063734136661942,4.732489159029873,26.910349731859544
411,361,24.637839616841497,51.2297563497234,27.02895283165825,18.77593051922382,5.317612720165808,27.724782967682533
411,371,25.688833524958977,49.12593835092915,26.027176890475896,19.528691823771226,5.578459208595919,28.380541343101545
411,381,26.735709476504116,47.02719572732626,24.68570557471708,20.17897923713686,6.039274138966015,28.93172745165708
411,391,25.743474313224578,49.11591164678897,26.002701823009655,19.429448967777038,6.070169714364799,29.096205072442405
411,401,30.288939754838275,51.43450971604027,26.96580847483534,18.676395019137193,5.554301329443943,29.80719069471565
411,411,31.45034158998809,49.556540651098615,25.879595715959624,19.272385920338557,7.533693783578698,29.616282383534116
411,421,32.60780656172027,47.68293104601754,24.946883711626217,19.94338243494777,7.537671282862593,30.194033415270916
411,431,33.75953197944011,45.816514455445315,29.765813534150343,20.587048941315906,7.23086914673665,30.31485780525045
411,441,25.677848092107308,48.84100007925925,25.34681277838078,19.58369539181533,7.140823548421614,30.392335167113327
411,451,29.56810238679533,52.38293424959285,27.137175333677455,18.376766025898238,6.942248933086217,30.467266422631333
411,461,30.577092030404728,50.746701718122665,32.73912505522409,19.034878072875262,6.928466882418194,30.620377288461302
411,471,31.58335421482284,49.113447025870514,31.97482543667041,19.562160433201832,7.0665312206322675,31.2272707391112
411,481,32.58566674022605,47.48508360841884,31.171981486961492,20.148460712722837,7.270085187650014,31.740419476620964
411,491,33.582818573300734,45.86350759823906,30.020688563953268,20.68653798283916,6.1608606579955145,31.71082789009966
421,1,3.7720142642969816,94.91569231863734,1.7271218927767489,94.22440348320671,0.7658781114756764,96.13604833582052
421,11,17.18295567718984,69.91969679108647,9.947037116653119,65.53209499818409,15.989554040816559,65.40708862054274
421,21,22.037953707866446,58.56673011563544,17.66464239243476,40.61871246954847,19.124483015741323,40.460560184293705
421,31,23.725501267799658,54.612389872597674,21.318700358083063,29.019720172255536,19.34047583826495,30.16393109913006
421,41,24.30819942249915,52.92855173280153,23.136753477292814,23.427243833983844,18.702154975776285,31.427439003851575
421,51,30.976870230179017,51.82296681275871,24.045244373734448,20.40237478475466,17.661048843022684,30.342092627207677
421,61,31.327992275650324,51.19815519175725,24.583268006228835,17.231650970731508,21.375059164944183,30.122785805631104
421,71,31.020408464940395,51.53517596401568,25.13410552518735,16.202548980128356,17.769378369444436,29.615958455815576
421,81,25.67204698941774,50.053724601911185,24.645188066053496,17.01243757879684,17.62075507275915,29.486313661990867
421,91,31.38265612821375,50.929505714751144,25.58806347158403,16.309441773796834,15.235067617207832,29.692709937160295
421,101,32.148214802703045,49.56715819581354,24.822843224647507,16.23194220574428,15.995918947594232,29.367420004044188
421,111,26.01434971012283,49.47935552112579,30.75719608801061,16.00090886865133,15.148075168926795,29.14997411824438
421,121,31.339420262873368,50.90910385254057,26.008633984615393,15.434810848816888,14.341381930096217,29.127368091022188
421,131,31.510351351275993,50.67085581055923,25.851525130218683,15.313076012381263,13.84607622343084,29.811507962385942
421,141,24.88299546491,51.456945163983825,32.410461952442226,14.973779044785768,9.662425283321575,29.15079268634319
421,151,26.015460329859806,49.461095724584744,25.23710926084347,15.421947262893134,15.96115117660681,28.17827658289666
421,161,25.697070341001606,49.94301725902265,25.435171717513956,15.191626855133865,10.306305399267648,28.429296561023992
421,171,24.894320079445954,51.30245870160161,20.141245447130707,14.681461463224682,11.969918767152825,28.690212380774827
421,181,31.211663102948577,50.997684291546165,26.282772459153563,14.756159372609506,10.952591658024966,29.688869625954872
421,191,31.241357586409833,51.07758197329903,26.578261441936053,14.733142857039038,10.70904312699831,29.47303180314263
421,201,30.777356025984513,51.79958865031826,26.80583175942744,14.474409353473014,10.706985139663173,29.90850120162361
421,211,33.193411252315606,48.01415802987067,24.623655734481627,15.462510856370216,5.810457968332485,29.942281761902063
421,221,32.051920835993144,49.653467643154094,31.607169397171525,14.943248164498913,5.227220539229227,18.333133630457414
421,231,24.659950923996668,51.65825921636783,32.85018812412554,14.331393017244942,8.527011168386515,20.784841839390726
421,241,26.341124348757276,48.35815593651053,24.82311618955523,15.129758581519361,8.829927551177544,22.071202447141182
421,251,25.30466375413358,50.7496852556303,26.18947557488304,14.511419512703167,8.93289131620593,23.812587068552578
421,261,26.877192567499858,47.67950838239952,24.698783026224643,15.345709848895822,9.088716804571508,25.084151336315696
421,271,25.360888529905623,50.73011621811065,26.285469915456172,14.736652417393822,9.00925535799163,26.47716706669915
421,281,26.816252630754555,47.892733061700525,24.760449934932474,15.49105930930786,8.550850196535258,27.220947421215953
421,291,24.64614030599099,52.046811576141636,26.996034264801505,16.03361626751047,4.619242803463609,28.317645361953698
421,301,25.972735514156152,49.4542154601896,25.56549402225133,18.24148637769698,4.558627461711314,29.633722917991733
421,311,25.168781243303012,50.7394018170683,20.18516640699694,19.1817359534991,3.963749137528352,30.65760513238888
421,321,24.382123111641988,52.26048781643282,20.911770606760197,19.323662169042997,3.551848928067168,31.55972844795657
421,331,25.569381431664606,49.91823945326445,19.86180768322022,20.954915076698903,3.0065612932522936,31.971967548284912
421,341,26.753373332064672,47.57945260035976,18.9559060590319,23.34515276753877,3.2434057667052976,36.03275819550858
421,351,29.356441844194052,53.5195612490115,21.202211026434068,20.749676210203344,3.010762527879157,32.3657595793515
421,361,30.671267967139816,51.415741374444735,27.033274223700776,22.940576253730235,2.042775537555069,32.92910453351465
421,371,31.98393694418245,49.31223053153809,26.070892555997133,23.947401423166063,2.068145369682002,33.81111374481666
421,381,33.291895413661194,47.212954406139666,25.02475441322836,26.249426612872444,2.1540248258002563,37.42276321988069
421,391,31.863236484165824,49.41585130656028,26.09521036322337,25.073670218432433,2.4388705774970796,34.45498431489781
421,401,30.57688753284713,51.727827043084886,27.51398503096344,24.35642377664632,2.3374298203020336,34.45011123974655
421,411,31.74902506147344,49.85097026596963,26.369345939766287,25.892515624939193,2.2853829709541853,34.21699730010124
421,421,32.91708751037862,47.977505773759475,25.448156904985396,26.875120360174222,2.5121589119527004,34.94129040528153
421,431,34.07924042333473,46.11024366924454,24.248333755345325,28.94386138504227,2.6791498960999376,38.12718485759024
421,441,32.06433081191478,49.00307419192941,25.506236812439848,27.295999961554962,2.5773023309618033,38.23957702487974
421,451,30.195800378580895,52.32799204027378,27.25423748815731,25.459673371876317,2.3608702111786597,34.54480371687634
421,461,31.222604749436922,50.68515031397045,20.071787268687522,27.184578782362223,1.998110791166734,34.0984533450705
421,471,32.24629302931027,49.04493997478113,19.30832648992484,28.164924369868434,2.0241028909911045,34.76160541357902
421,481,33.26560853223235,47.40928044334669,24.440167950755026,29.08725373732441,2.1478438690714188,38.737615926251735
421,491,34.27930649630791,45.78007556071113,18.209115512544685,30.43030865138276,2.4571448532915827,37.87309515793571
431,1,3.7252041656288037,95.02415536662716,1.656731124856214,94.21931694460396,0.7406291934347339,96.37618759719135
431,11,16.9731412552067,70.38882397448836,9.313626632044413,65.2548089567162,7.256509001199865,68.72790044736428
431,21,21.89511705379259,58.89624360667367,16.22104387936863,42.74146972337737,23.07317114500666,47.577260941641036
431,31,29.72342100200709,54.80504725100831,20.40871243293659,30.280889504768638,20.065802417617256,37.820966154392195
431,41,30.38623930776303,53.04408521988584,22.550866194127096,23.94541004241635,21.57094959730426,32.77609720621324
431,51,24.805099401436102,51.90117983238869,23.31748157405065,20.470520320942263,21.36334914750081,30.545052367123425
431,61,24.95992583633409,51.28647855768463,24.08197774451292,18.45346459010311,20.719466010383623,29.407907430898927
431,71,24.861241310087976,51.578174195122095,30.781204750585754,17.08816445982506,18.567864298075236,29.036337179093728
431,81,31.843728634201256,50.11679165482096,24.522061914552665,15.652623030651014,18.220040161923933,28.599359576971285
431,91,25.025343919821225,51.0116787790032,25.17274545395146,15.60660266044004,17.701850839879413,28.23681195907618
431,101,32.25615402619925,49.52864528455146,24.554940494183374,15.469827985131854,11.544609291032536,30.093425723670325
431,111,25.957767635231104,49.503932638509326,30.62747534471294,15.145424777530847,14.960634992228936,28.171378248669093
431,121,24.992540453513275,50.990293282418044,25.681635756309046,14.530417231833775,10.916173975161888,29.778061229527186
431,131,31.555720729124147,50.64060325911487,25.628968404821627,14.43687675505157,10.719145953104132,29.04892166648525
431,141,30.862412028918897,51.470440551672326,32.303790905412974,14.018137400469117,10.2545993835326,29.22296849576932
431,151,25.82755443958842,49.57951900287381,25.28355979857969,14.323804380677544,14.16801150503655,29.052843697420027
431,161,25.799570457903627,49.91438797781902,31.630339969520556,14.18947608953531,10.970322912936156,28.95681259319075
431,171,25.04148505115098,51.21674421767373,32.36452958392102,13.726108205489012,10.765311489280803,28.563529761817573
431,181,30.993765371133524,51.07352198260621,26.3206957233263,13.67054270564562,8.22984902202891,20.489763498831127
431,191,31.107684794607543,51.215503391489406,26.67779142903777,13.574063429752067,7.892732675534818,21.867644191496627
431,201,30.843395077318693,51.78394048544155,26.874198065882414,13.432317488772789,6.921877786508617,23.016754400642085
431,211,33.26109085129945,47.994227177105785,30.38364041737974,14.345546012005943,4.784648943680351,25.099590901619617
431,221,32.261932092722894,49.49065535403334,31.47338359322606,13.885368629730586,4.448896846470843,26.507822759911182
431,231,30.722369366653258,51.607710127932016,20.286537509234766,13.194364565992695,4.1724382691675315,28.880278460695713
431,241,32.810239854749284,48.305053121568875,24.980548869760018,18.250335701751034,3.4491472404951673,30.6556239126519
431,251,25.122372663420684,50.912222360031734,26.25134118238453,18.32586621469942,3.2349138075569126,32.175673928778096
431,261,26.688122296626528,47.84522026994926,24.680811031851366,20.552279203644403,3.0772369696744586,33.68109211427485
431,271,25.342592614092176,50.86611860169317,32.32720411511126,20.30829777368251,2.7094791436636574,34.58148767354498
431,281,26.795951949426172,48.02893850892059,30.84058859904007,21.997717278094793,4.655286083115104,35.683499395551316
431,291,24.85195790234421,51.921192746135056,33.6859353860811,20.813013192353775,3.843351411004334,36.31121412252206
431,301,26.184338622020707,49.32136513302904,32.052658594275165,13.736687942121598,3.654303242152422,37.69930564588611
431,311,25.51773113965985,50.51206374228806,32.53050966919472,23.44191265833797,3.662895956808044,38.353647202759724
431,321,24.629556669284806,52.03298539060511,33.342023504987644,23.25633018597045,3.3390234423013414,39.11216576375602
431,331,25.824438086620432,49.68226887776144,31.825460534711304,24.899596557744914,3.5777760686488844,39.664004019955726
431,341,27.0154609350638,47.3353669469444,24.375625494152114,26.998954630019327,3.9051171222685754,40.45271837391268
431,351,29.208762506744346,53.557436495943456,27.988685249461348,23.976899681218207,2.4871743026664577,39.26106772800136
431,361,30.524030804470705,51.45185878436212,27.227729009650552,25.922571250961603,2.839575311010637,39.48681838562967
431,371,31.83796276857797,49.34619895665826,26.27230782708208,27.057980445001302,2.804594250950233,40.64259595856073
431,381,33.148039546726615,47.244370642361986,25.372379477401203,29.057824111762475,2.866708573371745,41.054365784187944
431,391,31.82854253420608,49.6226055153282,26.947846796422052,27.70919749620106,3.030971709954592,40.91033159132173
431,401,30.47022808355584,52.0276214558536,27.95212731163752,26.643839903333514,2.832103975774762,40.42557513005301
431,411,31.64257047406027,50.15287120108769,27.12492725709925,28.09613232136546,2.8899941941449785,39.578279334506554
431,421,32.811218272676726,48.28059985436967,26.21201834344226,29.16629334121283,2.891136143060542,40.49157114425894
431,431,33.97434082097967,46.413591307548394,24.794851821611736,31.01429143342653,2.4430417967747764,40.336359495264915
431,441,32.27383389811571,49.27163180147126,26.2299184652504,29.186578264730876,2.6013291096104822,39.62762983062261
431,451,30.35599930788609,52.43549855232795,27.738670485694993,27.20414860465147,2.5447081795764483,38.552378232252416
431,461,31.387420222075963,50.79025050343798,26.403162495305526,28.770015108694558,2.168693275094276,37.41153901089105
431,471,32.41559337583803,49.14714485108128,25.60353083834746,29.80995128359986,2.119706285646942,38.16382795633218
431,481,33.43924693809076,47.508096323673584,24.76144500633208,30.78844517882557,2.123034191801388,38.80328714133708
431,491,34.457120789691466,45.87500599263378,23.878965363349902,31.99969305659459,1.9196390045611602,37.78865304281444
441,1,3.7360647011588983,95.12791406700435,1.5596729900308102,94.38145274014794,1.244118026577378,96.45805513120249
441,11,16.719419104044196,70.84707435008816,8.992561557926383,65.25414468638529,7.337899640377859,72.62078529148587
441,21,21.726229912351595,59.22468697119481,14.687742340642608,46.25247504133305,18.426295975882226,58.08030115383698
441,31,23.433815718927328,55.00110224554985,19.197252348510588,33.73497775129184,16.97624472746955,48.278574751646055
441,41,24.139250441680648,53.18378803057099,21.54322366934675,26.866417889008698,16.299767414651967,42.8162314198117
441,51,24.612873166840675,51.999070243542214,22.7102403745033,22.98219610889437,14.700997345936983,40.420612563209325
441,61,24.90672239850113,51.3208644491844,23.48297697265608,20.67629981200775,13.972176826888164,40.30888314875258
441,71,24.718786731364876,51.61396494585594,24.245159307013036,18.659966536616228,13.8944133638825,39.66993658025376
441,81,31.755573950354794,50.11215741723524,23.97961824107559,17.9359729285638,13.764664755952548,39.49789390114077
441,91,24.995836359678897,50.98882121937468,24.721854239065994,17.041116687614366,9.098247200474932,38.3605113758258
441,101,32.05005909041718,49.55305310135659,24.319091463591587,16.583983458939862,3.8765886582291147,38.48427602195767
441,111,25.69867742843661,49.58597982450846,24.41126713980511,16.196204126419683,8.593182328281221,37.39200500358546
441,121,24.976730244839793,50.94546817956951,31.389976802806224,15.785370890318138,8.314927699966697,36.66177992347796
441,131,31.240353852068775,50.73144732381887,25.341121772495782,15.402088079306786,3.1975482022421904,36.13374296935661
441,141,30.793161051099577,51.38897363751214,25.76825115612519,15.192409102987458,5.85632173935164,35.76393505451172
441,151,25.633930984047698,49.58660447273895,30.956378103899873,15.401302541211415,5.5077877143876215,35.24756822927555
441,161,25.524556242947043,50.01378993101251,25.21483463366469,15.182011967281506,5.722899985546838,34.30797856856213
441,171,24.86764694718794,51.12164747084793,25.718130072183452,14.828573972825767,5.404284882100967,33.78124565710206
441,181,24.899805957356097,51.00921093389796,31.942198784426225,14.868777680689,5.01989626784568,33.132681282172804
441,191,30.78967245706971,51.313019628891844,26.03509868124558,14.489897418413793,4.315130169055473,32.93071363822282
441,201,30.427465325768154,51.89610232370333,26.500345823455667,14.267115731795094,1.8184059293664443,32.6359689800313
441,211,32.82163644130159,48.10820444359128,24.67958988252869,15.201737648745093,4.744634517826967,32.419359086103746
441,221,31.970298909267964,49.420666561626184,25.33588053946384,14.806375903271357,3.0803795105410003,31.933570862719773
441,231,30.659812989685424,51.463099529974265,32.59015858438355,14.183929994670924,3.0304338014591474,31.55215488034476
441,241,32.74570195394986,48.15444035963446,18.882034144183184,15.171446524436943,3.087117473906662,32.37917643833865
441,251,24.874028933137772,50.947828974077765,19.9934351135118,14.321224429952487,2.6485171919456123,32.14647268938534
441,261,26.42868896874245,47.88092031785097,24.64939577991006,15.051426701436318,2.266153856248095,35.108074466478314
441,271,24.84835970867402,51.05169684853259,26.278964551786732,14.26060553518817,1.368058657898021,33.25968971479957
441,281,26.28212966042697,48.21703152977949,24.95605451687722,14.858592826890224,2.2497059231201995,35.55545042793701
441,291,24.37748380310469,51.944466863401026,26.751092977018025,13.807460456627158,1.9321276287805795,34.652771453065554
441,301,25.691861810275046,49.34195408601715,25.30706506918009,14.470173775237546,3.115516352681031,36.02558179545202
441,311,25.309642375536313,50.39125118911987,32.02806578228222,14.259876105213678,1.8910143986592638,35.788052882476826
441,321,24.412474125203868,51.819479845993186,33.19323755808338,13.829738524538607,1.6700587639619353,34.962865130059825
441,331,25.60127234630818,49.460973495061324,31.665288602877233,14.371374490467282,2.833715993218786,36.79099066360646
441,341,26.786851252344672,47.1066456772601,29.91480919054206,15.08719878703805,2.6904739017424446,37.31217977354002
441,351,23.526862207151282,53.45563597110191,34.421468465816304,13.120833342634514,1.7991928734285165,35.588756756915465
441,361,24.585517481285002,51.345478877130915,32.72968714472563,13.890088318956279,0.9058932955226988,36.07268929242897
441,371,25.6430067706231,49.23523966197067,31.74042822357139,14.148711671390151,0.9295226146871727,37.2260491895475
441,381,26.69729827060324,47.12883939383496,24.36114915744771,14.929890797447715,0.929823254516224,36.863828819626235
441,391,31.580438305260618,49.6899864877798,25.879290961833334,14.044270211411991,0.8923121818359916,36.420262684131764
441,401,29.94327914117582,52.2577152852779,27.402048838959164,13.409258718962732,1.1481346660460068,35.768104197758625
441,411,31.104615343481058,50.38421529445771,26.3124664798429,13.76054003639793,1.0078138967089634,35.422352635662754
441,421,32.26322750641888,48.51245376523312,25.413143212932994,14.23401602194716,0.9858999923232902,36.27518297125939
441,431,33.41733368615654,46.64519314226038,24.4437930455839,14.954523252719865,0.616468697691776,35.25454722159504
441,441,31.72729426880114,49.57068314155567,26.282545534446438,14.050941781132654,0.7755159630823638,34.65172423627001
441,451,29.570156616812692,52.658752738489625,27.76439631999587,13.41733984695113,0.7193756202533821,33.436942106625516
441,461,30.584046711562003,51.013803698074156,26.847336581756498,14.071313382944684,1.1255987220125439,33.16725722279333
441,471,31.59558658536914,49.37038032842536,26.096102164196143,14.31476129909804,1.0203192303853887,33.866426901655146
441,481,32.60355367171673,47.73038466245998,25.3007037439694,14.630934968505791,1.3463352096013246,34.48948311400567
441,491,33.606735109520855,46.09570723965419,24.320953128258555,15.074356626890795,0.5201768328664724,33.382577772716886
451,1,3.688199679533967,95.2272511165882,1.438391371961951,94.71998142142674,1.2664752615524915,96.4515730636894
451,11,16.511830668821403,71.29456522767083,8.901496077083918,65.66685833875214,6.700809708896292,75.73357247858556
451,21,21.500431956687784,59.555259898408806,13.390787170970059,50.590545508920705,4.551610215586297,68.01839054643169
451,31,23.309887199560336,55.19987474054572,17.696758737702645,39.25245524577796,4.536534565659428,60.526444362596486
451,41,24.09234351131346,53.30654197543038,20.184218724815306,32.3209033312483,12.86759173060259,56.087118647634746
451,51,24.57868387034528,52.07348559650177,21.6092006249684,28.20937671160061,12.323101351291028,54.08307021250208
451,61,24.843554082686563,51.40010223095069,28.474160292076423,25.61600962925976,12.258314605537041,52.93107550060093
451,71,24.682042935850124,51.66871794047934,29.56387254317971,23.563594070082857,11.369400656224023,51.77172279038918
451,81,25.34753356240976,50.18775852482885,23.25957642659357,22.60256661725917,2.829527280753984,50.56920815857837
451,91,31.14660845964933,51.03573318316656,24.156662614700053,21.502308215988556,6.147152231115466,48.99153718838914
451,101,31.949581542989158,49.62036269198075,23.693367508871123,21.16732661660705,2.7734759474692123,47.98004627253844
451,111,25.778814098589198,49.558937198552165,29.76776502938383,20.66968919859666,2.611006117537813,46.581559314314575
451,121,31.222179524693278,50.93043483353461,24.760706833658798,19.801640754611423,4.819677410497557,45.39616627705628
451,131,31.192914847425314,50.76757791495298,24.767094703874584,19.50046871928072,4.364212405576033,44.10361572506491
451,141,24.859800275851743,51.38808239427889,25.35981713233091,18.918426391011195,1.83636667116608,43.22820231438564
451,151,25.805771472185334,49.50823460753429,30.709229215200196,19.170724013485284,3.1318932628211047,42.503018161303494
451,161,25.308061340969516,50.08681262792795,24.954656012116207,18.815379975489126,3.3187855599441387,41.5692476989878
451,171,31.069284670367537,51.14678274443926,25.53767694886248,18.37894811640738,2.8483891430669677,40.800177293414414
451,181,31.224065743622408,50.90966238887981,31.69276402474014,18.379274822395836,0.8980575954109138,40.09784477670314
451,191,30.86346164453721,51.2804286896293,32.00831757777847,21.0878819264304,0.8495848180496482,39.57158354396355
451,201,24.419493921525874,52.013946448180626,26.232178877115008,21.433919089993488,1.8567993538002998,38.95342311928643
451,211,26.34516243146502,48.22934650534182,24.43141926087539,24.07833039615392,2.598828152131032,38.718013328962506
451,221,25.854608605887506,49.48889866829461,25.050607615989673,23.868280486090956,1.5075617685409266,38.21043191431639
451,231,24.930024318822955,51.34756206365875,32.48499560254929,23.62139597427769,1.48397810546513,37.65615399025144
451,241,26.621367740435087,48.03345529938702,18.802931596800846,25.836416902370406,1.5369817290821228,37.43753835492333
451,251,25.0540783940678,50.85370650940564,19.765091753372886,24.88313903273431,1.4488415993743387,36.999064060030186
451,261,26.612997053572546,47.7834285398938,24.471723239867714,26.85308681760296,2.241271426427117,36.88164783291223
451,271,30.820735188711794,51.17681310697708,26.41469237106953,25.487857656890878,0.885400534104932,36.37082609899562
451,281,32.60388097111032,48.343803499149836,25.052387641850064,27.24343336527557,1.3595317367157875,36.08829277932026
451,291,30.450993937043556,52.084319959259496,26.973066892566315,25.31916605300616,1.240598486361672,35.671245164663056
451,301,32.09471475974949,49.48267646872755,25.381137147640096,27.030329444922312,0.42404088207432905,35.69273545188706
451,311,31.477573790390412,50.41259551673134,32.10373160114097,26.80733219354927,0.43151874095821136,35.7300385944736
451,321,30.742433561236215,51.700834687069154,33.16085120922199,26.245031398077245,0.3830923109246957,35.563400849094585
451,331,32.236874148001725,49.33706091132435,31.839489955358065,27.655043105178805,0.38848877377756535,35.40124042005595
451,341,33.72689999099295,46.97757464288461,29.98313585418506,29.225017776611946,0.39406336193605374,35.42622773613714
451,351,29.608523431819687,53.26537096709808,34.43530504757276,25.91886482901434,0.32881456217968236,34.70876323744655
451,361,30.939114243562877,51.1490306956476,32.44409469945143,27.351491758259943,0.4845819828756274,34.84079632054583
451,371,32.26803548631554,49.032877843756864,31.510376631637477,28.56095419484778,0.3077124405289795,34.42260771966158
451,381,33.59272401237873,46.92085399908253,24.33030326456392,29.999855618914324,0.5419748168634879,34.6329425653683
451,391,31.684324591859053,49.616380501374515,25.867067817392297,28.63286325961527,0.6500551107551007,34.13091976872391
451,401,24.06107139687073,52.36900208632661,27.348976386773554,27.22193516885472,0.810832468568343,34.073030304069626
451,411,24.998491113264983,50.494952751985856,26.562859726704502,28.332653972558386,0.8531252919884047,34.0805040895887
451,421,25.934119259716493,48.62217446315045,25.715224292896217,29.385318029376826,0.8043178797230707,33.66324002958982
451,431,26.866528616546148,46.75341790493858,24.680461421745637,30.593005401430844,0.9184213472847125,34.26672220776181
451,441,25.42012715521421,49.82824746488334,26.436110639766696,28.828512601744478,0.9926546217464909,33.87893654290951
451,451,24.053670671447023,52.93893033323337,28.01208356896469,26.858056271517267,0.628125176751816,33.443905582607584
451,461,24.878959789471626,51.295659007951954,26.837203708275286,27.926198186118516,1.204498094065101,34.0569216710908
451,471,25.702326955562093,49.65323593945685,26.12179325163428,28.938694604542132,1.1470291389062512,33.696224631530406
451,481,26.5227683818134,48.013546274601964,25.362400549489035,29.865479243830016,1.1529332964765744,33.277547902230545
451,491,27.339287361578563,46.37846592320285,24.33518009985824,30.949677557280474,1.1519196013958881,33.34826446002149
461,1,3.6258361998576945,95.32230793686041,1.271673908217968,95.37266773627908,1.1178178343327492,96.45968324535691
461,11,16.28261614951682,71.73145417678286,9.115041088037945,67.1436155038035,5.400259399194428,77.07440370706837
461,21,21.364822788376195,59.88676674259765,12.099082113797108,56.32398357947572,12.091683223784596,75.72310545453558
461,31,23.14496545820324,55.40014170734957,15.777239068976959,47.586582422398095,10.736467215591967,72.327457347055
461,41,23.91902581144969,53.43515738533712,18.334182514166763,41.40113425038861,9.88161681540429,69.6488598566427
461,51,30.61386123615946,52.1571994752621,19.85195067239966,37.45008082110572,8.962103585930874,67.76833006432756
461,61,24.70400039597177,51.455266761429804,26.97360107115887,34.75682772929266,7.97643139366336,65.81340870480427
461,71,24.523512597089567,51.705418367906184,28.178763701307062,32.550085475675125,6.891529118585142,63.78966529040687
461,81,25.292668120510964,50.19364154711925,21.857442154429965,31.704223304072155,5.971952875339999,62.019759867166634
461,91,30.986538906634,51.07490082747533,22.71259500365516,30.29283246270884,1.4872423030025548,60.31465453473188
461,101,25.578116079851466,49.599218040447205,22.486068031002397,29.88893352511346,4.438839162612859,58.908967362516194
461,111,31.888230871413814,49.567994139220474,22.806574687752786,29.234087977704043,1.2333813514246041,57.590955015711934
461,121,24.827018216107973,51.0069046075438,30.055684838590853,27.896660770976993,3.2845500882104957,56.49573704377796
461,131,24.97145375381389,50.71455881782938,23.94216267417462,27.636097306652463,2.108171281931083,55.43565688114048
461,141,24.55583526237295,51.473619682767854,31.055658022142058,26.59988306986983,2.6188483637574214,54.48772795798268
461,151,31.85363425299162,49.50875845105467,23.731376878213293,20.997988736557257,0.8678065482820574,53.59483265605503
461,161,25.307240947419196,50.041931816048404,24.007310800482326,26.539521965049556,0.4254608536209983,53.138261826137956
461,171,24.667218506284765,51.24790558081867,31.11663023967301,25.791816835488596,1.8073868637908899,52.508658631517335
461,181,24.827751762807008,50.90904968883443,24.78845447826691,25.971899553976428,1.246661781916699,51.9644921229389
461,191,24.68448231912222,51.18086968729267,25.14291118883449,25.28963516496603,1.1800366482047329,51.28102361314137
461,201,24.254209049369912,52.02525000883742,25.607742118631734,22.872456907063306,1.06459542293893,50.73735219869388
461,211,26.16945127120724,48.24090286160792,29.78594511905548,25.207153716170982,1.334313662806378,50.71697303153577
461,221,31.711621022198777,49.61682547003142,30.990166365463168,24.765670181252226,0.87791310524412,49.88225441075306
461,231,30.581997366549423,51.34907493652713,25.45193039012341,24.28990009967801,0.904505021273069,49.46986434482787
461,241,32.668339317044925,48.032962365696406,23.89616622550822,26.274124100025354,0.40474441113547066,49.49796521460591
461,251,30.97743096987191,50.71420552035891,25.24423014036163,25.136136520431585,0.7413429411807686,49.26125878512687
461,261,32.91125934759647,47.639273875158324,29.534845745354698,26.86873280110013,0.8612369406807227,49.09694521997033
461,271,30.688984021729304,51.17822171999552,31.828222740103495,25.262587275707187,0.4536883672787089,48.96017565911507
461,281,32.4674033793667,48.344250623763145,30.372385483232662,26.839176067839393,0.5990414324506812,48.32722060989069
461,291,24.06148630109627,52.25643612348946,33.209204718834535,24.899424988876792,0.6029978082616949,47.67060740759529
461,301,25.368734615582323,49.656931208676916,31.282529317418717,26.440461537529547,0.5047943445874319,47.671599792622
461,311,31.05756332196267,50.546751164196856,25.546493078170595,24.074801601703992,0.7079514705265978,47.72844217481842
461,321,24.270728537910674,51.713138734802385,26.417616516905763,25.458368468729947,0.920645576330729,47.33481265993053
461,331,25.45912341743867,49.347284012576615,25.492462540073436,26.779247001861968,0.41553040079864645,46.81286956951003
461,341,26.645127066771124,46.985432524028916,24.382452244865057,28.168861525938464,0.3566826818311494,47.11879115805868
461,351,23.589844726204543,53.06230522525427,27.684684939401283,24.982851086636853,0.8210722095958297,46.22532921394134
461,361,24.655116416049182,50.93985377429146,26.328333805321584,26.307360666678242,0.29255677733764096,46.9357334474796
461,371,25.719688663474884,48.81793468565419,25.504468466003168,27.428910932632323,0.3850685521921908,45.99823949658502
461,381,26.781544029025156,46.70051321572311,23.954937485779325,28.77581906994439,0.8293107759306636,46.691756604351575
461,391,31.695364834439978,49.441599429733785,25.505277135082643,27.38569030863059,0.6776276231078893,46.01333617976041
461,401,23.93965562997865,52.34769808086928,26.820555444116973,25.870531396874462,0.6824245665827362,45.99568719286064
461,411,24.875730919869703,50.47112674202725,32.54622669780884,26.930984091887684,0.599596607292949,46.207662528318686
461,421,25.81036131630603,48.59566917840925,31.903396786051623,27.93209624190161,0.6029297248531378,45.316186965636994
461,431,26.742134267712103,46.72407553687462,30.06574212527674,28.989229705998575,0.4596514426945462,46.42738544278578
461,441,25.10814477848568,49.98907796153055,32.66651630528159,27.26044555854471,0.7631465739452399,45.47114333571516
461,451,29.101255140620346,53.21252383752947,35.3261735367264,25.395427408831043,0.6191973956297713,44.49589353126528
461,461,30.11144899631662,51.571076521127324,33.118725060256274,26.383491980701862,0.3645787629478805,45.587703375807706
461,471,31.120359864292617,49.92982773665974,32.57471047106771,27.310836026705594,0.7297275254027932,44.870131262171974
461,481,32.12679438018636,48.2906456923863,31.98261880223347,28.17922386422611,0.6992837013797968,44.06957134389955
461,491,33.129565526729934,46.65539148311304,24.329775490541653,29.178340468593223,0.5250080412783454,44.13564773570723
471,1,3.58009841205626,95.41265965661296,1.420068169086657,96.88979843861374,1.6111402033742235,95.97863527945292
471,11,16.063603801025916,72.15792185136668,9.95642674347201,72.35171593582895,9.638152007258451,74.14599949151558
471,21,21.17052159994621,60.217386648281035,11.198319548295268,67.75889501633382,9.25571309384012,80.35288468480141
471,31,23.029425607390102,55.60112670007078,13.624532312549514,63.19395886545382,5.763834735838207,83.10158751397874
471,41,23.781690731683625,53.56595380591909,15.873613642383857,58.759495465920985,6.562004209554023,83.56393719701425
471,51,30.52310557642062,52.25393863727871,17.269098450430896,55.652542317565675,4.739578924509226,83.63257397858624
471,61,24.656239716592925,51.51600679290765,18.492588268758507,53.124463773440866,3.621137416262463,83.2071725430857
471,71,24.478127739242296,51.75791918296443,19.73251569157382,50.725466231047136,1.5817144123952207,82.7814447498428
471,81,25.205751184899466,50.256312186379695,19.739716128892077,50.249877682590025,1.3114472209633488,82.2363443970969
471,91,30.954779325485717,51.076784403816966,20.751392562587395,48.43933941619841,2.287891642420236,81.83187366679945
471,101,25.49290545080862,49.64515539886612,20.703274695902685,48.1720641956877,0.9323792524032392,81.15077498093834
471,111,25.465681770419753,49.63449959093648,21.025991999684223,47.36301341295105,1.6981615772060392,80.75627052255894
471,121,30.91254119521859,51.01491475836879,28.540540079184044,45.284571364785414,1.4658387071852863,80.14853521207253
471,131,24.94754143865699,50.73112194069472,22.391457903257585,45.121691307615734,0.5737460379321089,79.87357607282061
471,141,24.524568918393868,51.49124116354915,23.242624105446684,43.38711770442675,1.060176886570396,79.35983682201021
471,151,31.768967700553397,49.591930933447756,28.95848454425007,44.01058847170445,1.0639669356505348,78.79562881193088
471,161,31.55606094470914,49.98439778881862,29.147339384434552,43.611233569198525,0.5879942646298133,78.46375124437981
471,171,30.667603271249526,51.28317835868954,23.646669316097903,42.46258438960388,0.7871121923013416,78.37163711874618
471,181,24.774193664792936,51.001501790111504,23.590599398067717,42.821228006266985,0.5393985112776164,78.26526301417451
471,191,24.708182581677125,51.14644667459102,24.10288524572923,41.70959997424653,0.37496767361699407,77.6356978629904
471,201,24.292283003007377,51.939994598233895,24.83766626762503,40.45329173705296,0.4442013501431399,77.3906171364928
471,211,26.2072165992916,48.152743435703435,22.709941522251086,43.71053591846291,0.5266415833351487,77.3694491029395
471,221,25.3579388750047,49.68159150522341,30.250943939546932,41.61463776351052,0.5669552781607159,76.94405013878652
471,231,30.52025134674509,51.453226472293814,24.747496461920672,40.38554526892924,0.5591260209157358,76.85022461963383
471,241,32.60368540601092,48.13825304958557,28.748025314899937,43.245611333917076,0.682688506688956,76.55703194929076
471,251,31.005400935785293,50.637031268405494,30.51354943728025,41.04140649445559,0.5919891293695997,76.26539037850947
471,261,32.93946801799111,47.55889674702641,28.661729408857656,43.04032505143919,0.7394638408485746,75.91641723624802
471,271,30.739144480093334,51.07364041541603,30.655820625450126,40.64334555635949,0.220444608190199,76.27619630594229
471,281,32.51951952483411,48.23647663387512,29.552604954411226,41.579923989833716,0.30030010794139833,75.73440952069654
471,291,23.996461942874255,52.369023201429755,26.234416870004186,37.67249053903116,0.49647299978038545,75.22922309677774
471,301,25.302309587749804,49.7706399231363,24.85048584281643,39.975985580263945,0.5022527521081772,75.26965078727994
471,311,24.86474350912887,50.7160170001567,24.985951665582263,39.9577347351422,0.4707951393469668,75.36996361945705
471,321,24.23947775190321,51.83494027699069,25.897057209572626,38.4847016220281,0.3726625361365087,74.85279492659873
471,331,25.426564467383255,49.46954135369609,24.839354688419384,39.70433756315479,0.40811572247553485,74.34869402928874
471,341,26.611229923424712,47.10751603013523,23.290700145151195,42.54562158099069,0.4645071490497672,74.82724737755736
471,351,23.665840288048333,52.92000542069797,26.960071862314962,36.448076291647226,0.4043241819057118,73.98536825141274
471,361,24.732900604394775,50.79299446263321,25.507547095956053,39.37069581610191,0.3213673777586966,74.8269712861432
471,371,25.799047142947916,48.66673195606499,25.18705082793656,39.0912356400563,0.2601019497519052,73.82893037615605
471,381,26.862245614920884,46.545200254080385,23.427562873928107,42.37882268779038,0.341369539267172,74.56807205446545
471,391,25.588577334192458,49.23288064211348,25.501606249086688,38.897720322842645,0.37954791097715873,73.94558788159014
471,401,24.0244646969395,52.21691503518385,26.639075480566554,37.117371149829154,0.233051687728086,73.99204528820117
471,411,24.963974157951018,50.3363506415202,25.591609637778195,38.74915317613844,0.2555351598189853,74.092292572742
471,421,25.90203714671489,48.457013452205146,25.26138193744921,38.50048288344988,0.2753592533251487,73.18995164935428
471,431,26.837234761160804,46.581662446088586,23.50145208502523,42.2682872597315,0.4312542844801397,74.01524469448313
471,441,31.17553617552827,50.02608601855128,25.787516299953527,38.30104749316189,0.6149072732028654,73.50726558847425
471,451,29.03692735572882,53.42342716124557,35.27959413402865,34.29003023813581,0.6068203830034097,72.61705893931509
471,461,30.049099321593864,51.78299822729861,32.57510993763959,38.213723751678366,0.7556146117993264,74.03346008777488
471,471,31.060332181992745,50.14223445012709,32.48894435108302,37.93702624350879,0.8035982939750601,73.31715984823961
471,481,32.069436842364325,48.502990657857545,32.34788306920115,37.68313181334819,0.8507874287082664,72.49791515556798
471,491,33.07522931588526,46.8671163080669,24.57683806591843,39.693738006199574,0.802382877384617,72.66636591137855
481,1,3.538943696706854,95.49792051213343,1.018806139287018,97.10733969388681,2.2840643423162015,95.72865370954035
481,11,15.863769579911411,72.57416043687888,14.973234139356567,73.93200252606427,8.374401420161396,69.89480217102296
481,21,20.998485258503493,60.548519382222686,16.026136408589302,67.6199261440475,8.379448567335638,68.56586115549442
481,31,22.8808141001195,55.80395964217424,15.58811755122265,62.25202028437026,4.228801531177579,69.18368096927009
481,41,23.699155630217238,53.721126862666935,16.962351939716484,57.312004183180775,3.2347979629120847,69.53034928717814
481,51,24.22362377958076,52.34376092854765,17.767626618384273,53.73961828824436,2.4340584604690862,69.70388664610637
481,61,24.542140600645983,51.591755058687625,18.63101029339455,50.853564453970954,3.533243880483676,69.83973245941817
481,71,24.39297124513456,51.803907552645356,19.811661234603744,48.21095554251777,2.64645251794283,70.0521090503315
481,81,31.424342429689283,50.27718734019785,19.458642274549064,47.533370929714245,0.8217307108859931,70.00089787049976
481,91,24.656779572067368,51.13849891360841,20.43435232414089,45.66269602870383,0.6366837896155639,70.2745826787211
481,101,31.742142328161606,49.680244119809615,20.300156529439874,45.22393932422645,1.5313085624061318,69.99526902540518
481,111,25.43909213853462,49.62111919147867,20.62988867811488,44.43310871907212,0.4840470277706956,70.04039247269861
481,121,30.857862055352108,50.98868135391291,21.952656914813392,42.37274715645648,0.8787911564109392,69.94874187322358
481,131,24.809431070012174,50.7999290638156,21.793225595751807,42.2225793462024,0.8372973068443239,70.14808276513227
481,141,24.48468938175858,51.44146878795253,23.098996102432267,40.52085422078487,0.8276238655221557,69.96791895069103
481,151,25.400020731313834,49.61220519531168,22.503821690910627,40.993486119477296,0.29425331647067055,69.73054101393308
481,161,31.458270949749856,50.026680625858155,22.564681959737136,40.68028757291377,0.14787455884065784,69.8207300951879
481,171,30.64549827870807,51.22338042356029,23.02336445868679,39.7432530339785,0.15515529874991205,69.79459058836437
481,181,24.63562056075025,51.0606825389195,22.577461959727334,40.16999949216854,0.42842412728437185,70.08019964551642
481,191,24.561552015279844,51.21735136123667,23.60203654387841,38.97655427408774,0.25576565451632804,69.72722900349339
481,201,24.214392567759727,51.87040361803471,24.41541905598299,37.857544445820466,0.27589354218563644,69.70469834340408
481,211,26.12493110369648,48.08051903319287,21.87978427606718,41.014060273813264,0.5721397049803827,69.73840446690764
481,221,25.352666670561753,49.634274620164106,23.458503773248868,38.878089681835796,0.2381489247641687,69.59494965012296
481,231,30.38090956024975,51.56177186934291,24.03851244813629,37.97235606200496,0.275122303617763,69.83473530338881
481,241,32.45874988162979,48.248424850534285,21.892515743713588,40.7894663142506,0.33511281637144363,69.84049187212395
481,251,30.864804682337294,50.67412489224906,23.270683001434936,38.66999568421186,0.13133072280758376,69.6372776315477
481,261,32.79376391696313,47.595429265467516,21.784046779830945,40.50459246127431,0.5296282867162317,69.12461297247475
481,271,30.69159830451209,50.94573879986783,29.24370971873602,38.46189334967491,0.3003087639417389,69.50440475774083
481,281,32.470792470223955,48.10500957866158,28.63555905099687,39.19241565863805,0.22056677969177857,69.41933464178648
481,291,29.832298163099004,52.370732474553364,32.113235712863855,35.397354394410016,0.2072471222474536,69.43177496045308
481,301,31.457395194117975,49.77131628585475,18.069130285909385,37.735068606956176,0.32402183736637585,69.45770995852544
481,311,24.71074052911488,50.833579005974585,18.065705012590215,37.78065920924701,0.3154186358201331,69.53449826772052
481,321,24.06349053538597,51.99929133294846,25.000436258021214,36.3035717032066,0.2803836996253167,69.27203546870577
481,331,25.246467455735967,49.635375490165615,24.21606826466377,37.338919414581326,0.42946834517900423,68.95015377694908
481,341,26.427578163955367,47.27407231910568,21.701439002034917,40.4852228606638,0.36017965779394445,69.24160266259365
481,351,23.50354488967304,52.884392763482694,26.282340702719164,34.53581462662354,0.41092583300841323,68.83331535402974
481,361,24.56716996357094,50.75514426952116,23.78991743965619,37.7961521699873,0.3757284612761364,69.52763751262408
481,371,25.63032288538584,48.62658843242145,24.389104025208123,37.14618761154292,0.5345900506780511,68.93232159087982
481,381,26.69099285161492,46.50271207633191,21.716398615785142,40.642017944295574,0.4805596856695461,69.63478889868594
481,391,25.530112233561,49.06258861929267,24.65684711164397,36.92070851981132,0.3132273686078942,69.30265059813036
481,401,23.99210860210175,52.0285566530555,25.812200785191674,35.2540155255774,0.2684812966723276,69.40646595097583
481,411,24.932334607189734,50.143448706486396,24.42899635699998,36.91270194451347,0.18952292400697526,69.45074014993322
481,421,25.87131308993915,48.25984399637151,24.968492037148764,36.322515649725496,0.30621367331175037,68.86145364340558
481,431,26.80763130633125,46.38051533913972,21.4394599987708,40.55371165335748,0.24554157390917894,69.17530825200672
481,441,25.07590631971021,49.94509695144438,24.55368950581135,36.64942115317017,0.20706994655516867,69.11472179569765
481,451,28.93326905981994,53.533726994045495,27.5515830068881,32.53669986698108,0.23928674482276896,68.62867505030559
481,461,29.945815156842226,51.892968354266166,24.22939270573792,37.14412486099002,0.16532637406966894,69.96219283453193
481,471,30.95776535569762,50.251525377129724,24.712729898075505,36.598252600164535,0.1711222826614064,69.50627926509588
481,481,31.967939369380076,48.61124544676114,25.16655668112345,36.056785564875725,0.20824353938095178,68.98079744933281
481,491,32.97516106065221,46.97397173372856,23.622509873168465,38.32492821149844,0.11341340805161004,69.62494391599395
491,1,3.4945454792379698,95.58619274321275,2.677015604754879,92.27480580690708,8.661762759319295,88.5602943350331
491,11,15.656150816967862,72.9803371189389,12.150363105097108,55.50295958400709,10.687981291078374,43.268318832087104
491,21,20.826908028683853,60.87981157689979,17.193571700082405,19.525089195438248,14.564801550856131,22.6186618572915
491,31,22.76407926421292,56.01065750169526,20.58896259914908,27.23909946946411,8.788129121051426,23.252723949673506
491,41,23.584339297685208,53.85439080531651,22.65987873435722,32.67002279816899,4.5118601657082795,30.48512683225171
491,51,30.35642892317922,52.4300753914852,29.956610013300473,36.74771064006313,3.480390433408304,35.42616272786794
491,61,24.456465209435066,51.6475635285215,24.493337776831765,39.48042478398769,2.649064745003677,38.56145694606414
491,71,24.2962457117856,51.84983464128193,25.198961729312003,40.81067621475084,2.0670846432527266,40.64763426935405
491,81,25.03822066429334,50.33199708278819,24.863858645421917,43.29794532206546,1.58352425141807,41.83386234464168
491,91,24.63046383136877,51.14156113884699,31.67806511237703,43.374748532558186,1.281382766301103,42.49863992851536
491,101,31.66647952809224,49.678794838813175,24.98132574616497,45.294105914222136,1.0156016370664922,38.24014374499043
491,111,25.36005519028739,49.64298106775556,31.11827844196398,45.81922621718418,0.8631546931930736,43.467239003375745
491,121,30.773271311573513,51.043881718766194,25.863307039778043,44.8838412933765,0.4702439360302163,38.61029284894913
491,131,30.915190065467478,50.78869509509395,25.65835878577993,45.44041000897421,0.5911707572005603,38.451277396228214
491,141,24.41124203596464,51.46133810182643,32.558869319387924,44.96659291923555,0.5264284860770903,38.74037622139318
491,151,25.359330357730634,49.562633603789294,31.342451879580164,46.916879330068596,0.43772781895401014,38.76808684106391
491,161,25.100739728892822,50.09933201104302,25.437034377776747,46.65465562474388,0.37343053946656735,38.66081038213506
491,171,30.625260249379398,51.18513148027961,26.073629184902952,45.670594177046134,0.22872141714947092,38.61564774252383
491,181,30.713081965052552,51.02030109244233,25.76113343548861,45.9957869614837,0.19727029330515156,38.20718643993635
491,191,24.455511514035422,51.29971780392093,32.50352647123036,45.82981515058177,0.25317484020591235,38.502867720672185
491,201,24.155142135772895,51.89998110873586,32.909985258816555,45.201997662998714,0.23875652602082673,38.517907148874905
491,211,26.06026178727073,48.110191226815175,30.3596008580826,48.881752160244325,0.22657261976804502,43.87874424723972
491,221,25.32823230336679,49.542333729067145,31.276526275886667,47.5625839430338,0.18500724725265674,38.422242042814744
491,231,24.288440134677412,51.582649605713456,26.07682118246996,45.794444042612035,0.16445435751076315,38.2189716133358
491,241,25.95154358033603,48.269112697874185,24.31966922797325,48.960964253005635,0.15823855118354174,37.94311375280082
491,251,30.81235520229232,50.786033930610685,25.788769877139455,46.510195463642276,0.18466363522023493,37.89089918574104
491,261,32.737545461260716,47.70845123043515,24.227486980328198,49.4325206823329,0.16947234753471993,43.59986029782082
491,271,30.7407285030687,50.88498610131985,25.728189821528698,46.291390139385165,0.1663032680217392,37.80279770943679
491,281,32.51828413375573,48.042143690325304,24.493061833383766,49.00060630502646,0.12311679190171401,38.10991417534784
491,291,29.8455949410806,52.27620009464823,26.580163405178613,45.14128723185665,0.1920383090917644,38.209564385360714
491,301,31.470940372251334,49.67400588941019,25.099887435761648,47.629406803996865,0.14772552223774624,37.79373107383569
491,311,24.63486051624075,50.84681260134758,25.50215015524876,46.5981732644774,0.04975102951886282,37.49468297489242
491,321,23.968010348235186,52.125978410914485,32.911660934139604,45.34277882537678,0.08107996620562424,37.626110341339604
491,331,25.148028783330446,49.76299541155776,31.439514674022174,47.563608898976966,0.07107699324454379,37.58425681809282
491,341,26.326404288159424,47.4020146566695,29.645670661033947,49.750894517972,0.1569746412173018,42.843471158848104
491,351,23.536321819107187,52.95824556086347,33.4585128578621,44.13868544174116,0.19604762142878904,37.561835921683674
491,361,24.598203515994143,50.828943969383836,31.740711409908464,46.148630421206335,0.10299628523543268,42.71204486795731
491,371,25.65930352982708,48.69997969200641,30.72321526129934,48.13445070331645,0.17041729436193523,43.31730616656641
491,381,26.717612552152044,46.575330969548936,29.087739574714817,50.15531537493787,0.2658550992709029,42.79736312546349
491,391,32.03816530258865,48.984504281910255,30.82397415532227,47.84744473779441,0.21400617937323432,43.155175984174804
491,401,24.064680630309585,51.847155001530986,32.31644316171502,45.24384850775396,0.289613970219995,42.98694900101685
491,411,25.005171515523152,49.95794789881381,31.134068529947477,47.015957091611334,0.26984184649646137,37.2177124587721
491,421,25.944205720208664,48.07053536823129,30.160453797451957,48.717253829169934,0.390510148475374,37.55360284179244
491,431,26.880370912555602,46.18770372988347,28.596789303452695,50.43692541534517,0.17578268377370243,36.831373897234634
491,441,31.406232788564374,49.78176358405646,30.974945980402445,47.28930265902811,0.22841316025958047,37.076026085458665
491,451,23.168363155329335,53.530865711727536,26.969436231533322,43.80559364306486,0.32393383530281633,43.27259776819664
491,461,23.98146705540834,51.888337091641645,25.5979794195205,45.349296289106306,0.141993898441643,36.49656387968624
491,471,24.794292964760047,50.24498760789287,25.0344609068656,46.91873358920498,0.13831542490611234,36.918145510281846
491,481,25.60589887424246,48.602663881901506,24.421276727031803,48.381459478393715,0.16571054828582082,37.223335997079744
491,491,26.41534558830167,46.96320879146747,34.65079531875303,49.94900331666249,0.12210227950591672,36.895235484782916
501,1,3.4544288716144638,95.66784661254485,3.8005969020031625,91.74973912135982,6.245590611959566,89.1355698064536
501,11,15.468030511285216,73.37666481253189,16.55567286184613,31.43548467995487,8.682421169905053,55.234254194927644
501,21,20.64743329504869,61.210496031682574,19.93697713497497,18.954244634210994,7.090947765015024,20.717747334810248
501,31,22.630120904638005,56.22026785950452,22.94125903850994,25.323523714994632,3.6887630538876524,26.463185562108936
501,41,23.480579125611456,53.98954927435955,25.03882634468419,29.81032025051938,2.2211181694591,18.401758130542223
501,51,30.26844653829681,52.52287260542925,26.39270897652114,33.18037892972567,2.862946764965198,16.79523877632893
501,61,24.37049588138842,51.72082821255843,27.366506178403533,35.4305306479754,1.913713330190076,12.748969626366103
501,71,24.22992893626119,51.907075339668076,28.43545450046004,36.46897597412549,1.3635201208993741,13.230695529225908
501,81,31.26721862817919,50.36259141705964,28.341922817628966,38.5796048024823,0.9877914562303229,13.13008538213294
501,91,24.520699264436224,51.191609541037806,29.324130837901226,38.61256622209619,0.9910725956279207,13.030632531576597
501,101,25.242773979080336,49.73858702687895,28.895348903511632,40.26923578722908,0.6015736425602388,26.463331988589882
501,111,25.269723288394413,49.6929332000372,22.817345744272618,40.696297814387236,0.6467760562173844,26.002428849703403
501,121,30.698144753536642,51.07174405048829,30.285144791291113,39.82995918386313,0.44287809382206067,26.187588411376368
501,131,24.715605589881008,50.7689737287002,30.31727974293296,40.29326018529548,0.40763488441940243,25.43233836198202
501,141,24.311019492273918,51.52530464082402,24.320433619036645,39.86259123807084,0.3580535051720137,26.004362231814778
501,151,31.60136479089621,49.57690541831191,29.792753724528907,41.59099112707671,0.250918459080262,29.125037158459204
501,161,25.07021352190894,50.08871888227186,30.411438582947248,41.311755376689426,0.26633760002857754,28.717114228311413
501,171,24.453765938268322,51.23740226804483,31.22746256463533,40.42074817768869,0.315911280259314,28.454022587488904
501,181,24.5861932657563,50.95756253691404,24.70889491422943,40.75665054042543,0.31487299643753414,24.306271378688237
501,191,24.404166139035336,51.29140279468982,24.942392915854278,40.60758441262139,0.3025410099065362,28.303373935694715
501,201,30.03422115463798,51.99104671456444,25.33476892576654,40.029477775196675,0.22156797456184094,28.5319223296926
501,211,32.40559147842645,48.202977028345906,23.58582619567306,43.27384555071234,0.24404979089866344,27.728029890086418
501,221,31.57412977095719,49.51830334720249,30.55890266755739,42.118831764064396,0.20733255693673058,28.272866103821908
501,231,30.308668540747025,51.51737240085167,31.990369145633856,40.4951462500078,0.16828121363406937,27.955145379911478
501,241,32.38199546681193,48.202035881076256,30.123791240103042,43.314446208667505,0.1354609620699432,23.794940141400456
501,251,24.5852275344612,50.87847126124456,31.74386321031355,41.14577500972661,0.1286866559514754,27.284475862463292
501,261,26.124911712543554,47.80176563104521,29.92455914936636,43.72809303610443,0.07700333066915889,23.683336212982358
501,271,24.56344772881869,50.922632828396885,31.906398843120957,40.92182311140537,0.21943214750315404,23.288666854637352
501,281,25.985522319571498,48.079531441170126,29.950147043440893,43.39950342429353,0.2523209322184423,27.26103047289441
501,291,23.93328233577354,52.146562866780975,25.905020283639164,39.99399587752352,0.29004074370033645,28.165966586510315
501,301,25.23576924331328,49.5410561853836,24.68328998149066,42.288122337258464,0.2793294181708653,27.46224133553013
501,311,30.80258577461802,50.761331810212326,25.485277006938077,41.32339607522927,0.28526964878556177,26.78471644758532
501,321,23.897683120438025,52.15693947797706,26.249232753067993,40.15805493788198,0.11947664020929873,27.38964088349395
501,331,25.076327141813437,49.793321579358604,25.098228779449155,42.13493645463452,0.13746354786408624,27.31336481085165
501,341,26.253571499587775,47.43146257659648,24.098072052418974,44.070248373919874,0.39658818050572586,26.343303931814933
501,351,29.226014744624663,53.10792175800837,26.600632193095,39.2061305514421,0.4140176700997239,27.45976807747357
501,361,30.547653211466475,50.980011351973545,25.657663352174094,41.005733514609815,0.38766959451432326,26.122948782942995
501,371,31.868636962051895,48.85186743475926,24.473857451209856,42.76590624229933,0.44478397910714906,27.312663672367965
501,381,33.186472394451435,46.72745039792392,23.600423064371533,44.45379613777514,0.11384695014254793,26.055291049606378
501,391,25.609453292159984,49.01856312305089,24.69812033189267,42.376013303681724,0.07041595821099114,27.024994026975868
501,401,30.04331950052302,51.74129131723619,32.86325483149101,39.99104450678074,0.17277476331427724,27.050959129604045
501,411,31.216287885141895,49.84943920362168,31.789493850064275,41.572274815843244,0.15622190794419877,26.519744226440135
501,421,32.387333466302,47.95952673273192,30.375598289167822,43.07223508242899,0.22771933759008928,27.537818345888837
501,431,33.554693115372686,46.074347564721194,29.673856859492165,44.530741541777516,0.18033130032131087,22.02130370944656
501,441,25.25902454656588,49.59330458456692,31.676022664162705,41.79029239257919,0.22614978279355147,26.741620303334223
501,451,28.944863137044386,53.43644869514078,33.87163281276192,38.755720660575655,0.21538107907303444,28.031470750303093
501,461,29.96119440279746,51.79120965285523,33.29167105488323,40.16710023026663,0.249988855789687,25.681363011201512
501,471,30.977219515221243,50.14520286611287,32.137230670600026,41.54989123548486,0.2691466995809866,26.650580721373483
501,481,31.99176195429507,48.50027951389606,30.915600495801097,42.83715638167763,0.2888569196718696,27.55476328526652
501,491,33.00364858798986,46.85828686418431,30.123374675678278,44.33561503600217,0.07674177343322856,26.79681851383298
511,1,4.1548119243128685,92.65925968810461,16.429733212462594,75.67619485231974,9.87543934904041,80.32222025915135
511,11,21.549343849054644,66.53963127378942,9.771369005450657,63.67850028877834,7.612169502880994,76.43231841676545
511,21,29.09009504003539,57.3505364951468,14.775879168865307,62.2367829008997,2.561146436772711,86.39102204348472
511,31,31.73936633195529,54.168485520785524,17.181025236321922,61.99465744852803,1.4786238398004132,92.65726853033162
511,41,19.211081282014778,52.50641270163021,18.991197392936655,61.51201299892682,1.8979495495600636,95.35974396573194
511,51,19.789389983169837,51.444165446331105,20.880426662486315,52.40843191643122,1.3194253677975787,87.18431610021474
511,61,20.773518980676656,50.498129509896586,22.43862644984115,51.02190731472517,0.6972754627358303,87.09955999329844
511,71,20.874014892989823,50.21607810482214,24.50900161601661,49.386092737697595,0.5763825182586922,64.33440465010104
511,81,21.59217159195855,48.995852904013375,25.352652611730225,48.56656489459809,0.5149064671449913,64.4192137997476
511,91,20.40933070579383,52.020961032780654,27.89818245355327,46.84600572123562,0.371295489782852,64.44353832170252
511,101,21.996761307697714,47.90676350796853,25.74058701745728,49.10668806365105,0.8032441238314515,64.40479143266244
511,111,20.73641917531301,51.368323113091506,29.09376798305238,32.885542276953494,0.278512097974859,64.57124666952888
511,121,21.7880324475378,48.592260070102945,29.057872944801517,38.39096813471883,0.2976131995052695,64.72816407242223
511,131,20.313854732389785,52.15969675563671,31.25622488431416,16.13827979348301,0.06664842506390664,64.54481767628889
511,141,20.203919540868895,52.82478819239248,31.983531046989462,38.64119944560431,0.12226016679548835,73.28051369859826
511,151,22.094570813766616,48.30672833327898,28.44993696322739,42.204097576333396,0.5712062758045463,88.09240237741129
511,161,21.91772741966363,48.42863489177403,30.533542385496727,41.00228111020049,0.29553165241331886,73.46068397872794
511,171,20.411389344906038,51.95662628066957,31.340662668637563,40.36546880575445,0.4307881724524332,76.88321200934149
511,181,19.57630655747368,54.19495478300307,36.22099295055049,16.32168899298497,0.4905749298080698,76.37419977343201
511,191,19.64515282065686,54.23644048502319,35.66924247298034,36.34457090807519,0.2323371880869726,76.93855933527713
511,201,20.60086743572099,51.9538910283586,32.036914769086906,40.37236704435282,0.13529120456692278,77.20500373109452
511,211,22.227088864613073,48.17042386272665,31.058386821434393,18.968119362456928,0.20959969738510587,33.20343735454939
511,221,23.04004125757643,45.98164716731379,30.615005642711424,18.9271601881792,0.1523948548591033,91.98849318049139
511,231,22.359255049706395,47.326220719983795,32.64630520892181,40.269104565924444,0.11674324329248048,77.41515646572822
511,241,23.84702716814258,43.836338363011805,28.6545243518746,45.44951359422475,0.39862207261993693,77.70974093856077
511,251,21.248092318588483,49.98538193066413,32.17389045504635,41.292773002109584,0.21065295256351996,78.11011527822748
511,261,22.574937372033315,46.8722463461464,30.713520111475617,19.358811686024488,0.1517064494518182,77.9700937810921
511,271,19.327164838867315,54.80252632251504,38.12134348598612,16.333066788166832,0.621378676924926,77.1703775030763
511,281,20.484662557824706,52.0991095670168,37.23219472605965,16.527812330678476,0.8357536819094971,91.4896361624655
511,291,18.202885095237043,57.70581091685511,40.88838240170091,31.418339380399118,1.0729626359086717,76.96174217113435
511,301,19.235196694357974,55.30810869355635,39.39008746319177,33.962878425571205,0.3975982916301809,77.68951519075067
511,311,20.17607229361126,53.003994685027656,36.530895228156375,37.446497898659615,0.31207782529874917,78.11721525952406
511,321,19.50231636918464,54.67277775643847,21.314488706389955,38.81217162381437,0.031179572375664474,78.42923711795108
511,331,20.47576987839898,52.413604342511455,20.161928863029804,40.42558380312892,0.10637141812940287,78.42941576962484
511,341,21.449636811980064,50.15335276991557,33.449935571234825,18.670385577761714,0.11964630977193703,34.27783395882424
511,351,21.46416989884729,49.758449635183574,18.85040089512098,41.581689744110705,0.36730147241463384,92.71720674704412
511,361,22.408996667280544,47.55532317135538,33.65860680048387,18.595001875136386,0.29062331213833176,34.403131094199644
511,371,23.350204080091412,45.36121977826732,17.88371453265241,19.505947282558957,0.43032435156229054,34.31466626864276
511,381,24.285841757236483,43.180717016677235,32.963607818749594,18.875431387636972,0.17395807402706767,34.46107775755537
511,391,23.059407496482347,45.838482637868914,33.91635049597617,18.04048821100098,0.1830475943244051,34.55797904349943
511,401,23.657958735464867,44.226066034046156,34.19117609192329,46.083555610551116,0.09036422627627151,34.55234293070811
511,411,24.53912384925787,42.16014351076369,32.45178691654944,49.794464418642924,0.20409761865640255,34.55778212732611
511,421,25.41429894075386,40.10917881497062,17.80178283138536,44.99417856861088,0.6187290138309697,34.40342272555425
511,431,26.281954696590837,38.07679648851231,28.646011313975844,47.326890755292894,0.8392611449593668,77.58275270883456
511,441,23.06462955572571,45.66268712872844,20.146697516713377,42.92484885727751,0.517635985796065,77.84415624331457
511,451,21.818136865368817,48.5289865383066,21.383152899379677,41.521447092975464,0.4218132841496583,77.67659729591799
511,461,22.56784873593657,46.769253669548156,19.88115731623279,42.98977926447181,0.3092928269872989,78.37269481877233
511,471,23.315788318351085,45.014256418484024,19.002895883355922,45.70636710476181,0.7390752737863872,77.74697041000412
511,481,24.061024481420663,43.26620353568244,18.12885793497974,48.36530352646256,1.4212782771066452,76.64161486835098
511,491,24.802630722884977,41.527292073794555,16.469475170222747,50.692169966780796,1.4371084124752036,77.24947891187308
